Index,ContainerID,Cidx,start_timestamp,end_timestamp,collection_fill_percentage,cycle_start_month,cycle_duration_days,avg_daily_fill_growth,next_cycle_avg_daily_fill_growth
0,1,0.0,2021-01-16 11:30:00,2021-02-01 17:10:00,100.0,1,16,6.25,14.666666666666666
1,1,2.0,2021-02-01 20:11:00,2021-02-05 14:43:00,44.0,2,3,14.666666666666666,12.0
2,1,4.0,2021-02-06 01:15:00,2021-02-12 22:09:00,72.0,2,6,12.0,16.666666666666668
3,1,5.0,2021-02-12 23:10:00,2021-02-19 16:34:00,100.0,2,6,16.666666666666668,16.666666666666668
4,1,6.0,2021-02-20 12:08:00,2021-02-26 19:02:00,100.0,2,6,16.666666666666668,23.666666666666668
5,1,7.0,2021-02-26 22:33:00,2021-03-02 19:36:00,71.0,2,3,23.666666666666668,16.666666666666668
6,1,8.0,2021-03-02 22:07:00,2021-03-09 19:40:00,100.0,3,6,16.666666666666668,8.11111111111111
7,1,9.0,2021-03-09 22:38:00,2021-03-19 00:41:00,73.0,3,9,8.11111111111111,14.285714285714286
8,1,10.0,2021-03-19 17:27:00,2021-03-27 09:35:00,100.0,3,7,14.285714285714286,10.0
9,1,11.0,2021-03-27 17:30:00,2021-04-06 18:53:00,100.0,3,10,10.0,14.666666666666666
10,1,12.0,2021-04-06 21:51:00,2021-04-13 13:39:00,88.0,4,6,14.666666666666666,16.666666666666668
11,1,13.0,2021-04-13 18:36:00,2021-04-20 14:29:00,100.0,4,6,16.666666666666668,16.666666666666668
12,1,14.0,2021-04-20 16:28:00,2021-04-27 11:19:00,100.0,4,6,16.666666666666668,14.285714285714286
13,1,15.0,2021-04-27 17:16:00,2021-05-04 18:52:00,100.0,4,7,14.285714285714286,16.666666666666668
14,1,16.0,2021-05-04 20:51:00,2021-05-11 19:30:00,100.0,5,6,16.666666666666668,16.666666666666668
15,1,17.0,2021-05-11 21:29:00,2021-05-18 11:24:00,100.0,5,6,16.666666666666668,15.083333333333334
16,1,18.0,2021-05-18 16:21:00,2021-05-25 11:40:00,90.5,5,6,15.083333333333334,14.285714285714286
17,1,19.0,2021-05-25 17:38:00,2021-06-01 18:09:00,100.0,5,7,14.285714285714286,16.666666666666668
18,1,20.0,2021-06-01 19:09:00,2021-06-08 09:07:00,100.0,6,6,16.666666666666668,16.666666666666668
19,1,21.0,2021-06-08 20:02:00,2021-06-15 07:56:00,100.0,6,6,16.666666666666668,7.142857142857143
20,1,22.0,2021-06-15 15:53:00,2021-06-30 13:58:00,100.0,6,14,7.142857142857143,14.285714285714286
21,1,24.0,2021-06-30 21:53:00,2021-07-08 09:34:00,100.0,6,7,14.285714285714286,12.5
22,1,25.0,2021-07-08 19:29:00,2021-07-17 18:48:00,100.0,7,8,12.5,14.9
23,1,26.0,2021-07-17 20:47:00,2021-07-23 18:16:00,74.5,7,5,14.9,23.333333333333332
24,1,27.0,2021-07-23 19:16:00,2021-07-27 16:38:00,70.0,7,3,23.333333333333332,18.333333333333332
25,1,28.0,2021-07-27 19:37:00,2021-07-30 23:36:00,55.0,7,3,18.333333333333332,18.25
26,1,29.0,2021-07-31 20:22:00,2021-08-05 08:21:00,73.0,7,4,18.25,16.666666666666668
27,1,30.0,2021-08-05 22:13:00,2021-08-12 03:30:00,100.0,8,6,16.666666666666668,17.75
28,1,31.0,2021-08-12 20:20:00,2021-08-17 06:00:00,71.0,8,4,17.75,16.666666666666668
29,1,32.0,2021-08-17 19:52:00,2021-08-23 21:09:00,100.0,8,6,16.666666666666668,13.75
30,1,33.0,2021-08-24 00:08:00,2021-08-28 12:21:00,55.0,8,4,13.75,12.5
31,1,34.0,2021-08-28 19:18:00,2021-09-06 08:39:00,100.0,8,8,12.5,14.25
32,1,35.0,2021-09-06 18:34:00,2021-09-11 14:06:00,57.0,9,4,14.25,15.2
33,1,36.0,2021-09-11 17:05:00,2021-09-17 07:08:00,76.0,9,5,15.2,9.142857142857142
34,1,37.0,2021-09-17 21:00:00,2021-09-25 15:01:00,64.0,9,7,9.142857142857142,33.333333333333336
35,1,38.0,2021-09-27 16:51:00,2021-10-01 08:05:00,100.0,9,3,33.333333333333336,14.833333333333334
36,1,39.0,2021-10-01 20:57:00,2021-10-08 20:13:00,89.0,10,6,14.833333333333334,44.0
37,1,40.0,2021-10-14 11:06:00,2021-10-16 12:33:00,88.0,10,2,44.0,14.25
38,1,41.0,2021-10-16 14:32:00,2021-10-22 16:58:00,85.5,10,6,14.25,16.666666666666668
39,1,42.0,2021-10-22 21:54:00,2021-10-29 13:28:00,100.0,10,6,16.666666666666668,16.666666666666668
40,1,43.0,2021-10-29 20:23:00,2021-11-05 11:45:00,100.0,10,6,16.666666666666668,20.0
41,1,44.0,2021-11-05 22:37:00,2021-11-11 20:49:00,100.0,11,5,20.0,14.285714285714286
42,1,45.0,2021-11-11 21:49:00,2021-11-19 11:42:00,100.0,11,7,14.285714285714286,16.666666666666668
43,1,46.0,2021-11-20 08:06:00,2021-11-26 18:35:00,100.0,11,6,16.666666666666668,12.666666666666666
44,1,47.0,2021-11-26 21:33:00,2021-12-03 14:33:00,76.0,11,6,12.666666666666666,16.666666666666668
45,1,48.0,2021-12-03 22:27:00,2021-12-10 17:10:00,100.0,12,6,16.666666666666668,14.285714285714286
46,1,49.0,2021-12-10 22:06:00,2021-12-17 22:18:00,100.0,12,7,14.285714285714286,12.6
47,1,50.0,2021-12-18 00:16:00,2021-12-23 16:44:00,63.0,12,5,12.6,7.6923076923076925
48,1,51.0,2021-12-23 17:44:00,2022-01-06 05:26:00,100.0,12,13,7.6923076923076925,25.0
49,1,52.0,2022-01-06 23:11:00,2022-01-11 07:34:00,100.0,1,4,25.0,15.166666666666666
50,1,53.0,2022-01-12 02:19:00,2022-01-15 03:42:00,45.5,1,3,15.166666666666666,23.166666666666668
51,1,54.0,2022-01-15 07:39:00,2022-01-18 21:16:00,69.5,1,3,23.166666666666668,12.916666666666666
52,1,55.0,2022-01-18 22:16:00,2022-01-25 19:46:00,77.5,1,6,12.916666666666666,20.333333333333332
53,1,56.0,2022-01-25 21:45:00,2022-01-29 01:06:00,61.0,1,3,20.333333333333332,17.166666666666668
54,1,57.0,2022-01-29 07:02:00,2022-02-01 17:19:00,51.5,1,3,17.166666666666668,19.166666666666668
55,1,58.0,2022-02-01 22:16:00,2022-02-05 11:28:00,57.5,2,3,19.166666666666668,16.666666666666668
56,1,59.0,2022-02-05 12:28:00,2022-02-12 00:15:00,100.0,2,6,16.666666666666668,16.666666666666668
57,1,60.0,2022-02-12 11:05:00,2022-02-19 06:46:00,100.0,2,6,16.666666666666668,16.666666666666668
58,1,61.0,2022-02-19 18:37:00,2022-02-26 06:04:00,100.0,2,6,16.666666666666668,15.0
59,1,62.0,2022-02-26 12:00:00,2022-03-05 10:51:00,90.0,2,6,15.0,14.583333333333334
60,1,63.0,2022-03-05 12:50:00,2022-03-11 13:45:00,87.5,3,6,14.583333333333334,23.666666666666668
61,1,64.0,2022-03-12 10:27:00,2022-03-15 20:46:00,71.0,3,3,23.666666666666668,18.0
62,1,65.0,2022-03-15 22:45:00,2022-03-18 17:16:00,36.0,3,2,18.0,16.666666666666668
63,1,66.0,2022-03-19 12:01:00,2022-03-25 20:16:00,100.0,3,6,16.666666666666668,11.11111111111111
64,1,67.0,2022-03-26 11:04:00,2022-04-05 03:03:00,100.0,3,9,11.11111111111111,16.666666666666668
65,1,68.0,2022-04-05 21:48:00,2022-04-12 16:41:00,100.0,4,6,16.666666666666668,13.0
66,1,69.0,2022-04-12 21:38:00,2022-04-16 09:02:00,39.0,4,3,13.0,26.666666666666668
67,1,70.0,2022-04-16 13:00:00,2022-04-19 17:55:00,80.0,4,3,26.666666666666668,28.0
68,1,71.0,2022-04-19 21:53:00,2022-04-22 12:06:00,56.0,4,2,28.0,16.666666666666668
69,1,72.0,2022-04-23 06:50:00,2022-04-29 15:56:00,100.0,4,6,16.666666666666668,16.666666666666668
70,1,73.0,2022-04-30 07:45:00,2022-05-06 19:55:00,100.0,4,6,16.666666666666668,14.75
71,1,74.0,2022-05-07 09:44:00,2022-05-14 00:00:00,88.5,5,6,14.75,33.333333333333336
72,1,75.0,2022-05-14 11:51:00,2022-05-17 17:27:00,100.0,5,3,33.333333333333336,16.666666666666668
73,1,76.0,2022-05-17 21:25:00,2022-05-24 17:18:00,100.0,5,6,16.666666666666668,15.0
74,1,77.0,2022-05-24 22:15:00,2022-05-31 20:55:00,90.0,5,6,15.0,16.666666666666668
75,1,78.0,2022-05-31 21:55:00,2022-06-07 13:57:00,100.0,5,6,16.666666666666668,14.285714285714286
76,1,79.0,2022-06-07 17:56:00,2022-06-14 20:06:00,100.0,6,7,14.285714285714286,16.666666666666668
77,1,80.0,2022-06-14 22:05:00,2022-06-21 11:24:00,100.0,6,6,16.666666666666668,14.333333333333334
78,1,81.0,2022-06-21 22:18:00,2022-06-28 07:49:00,86.0,6,6,14.333333333333334,16.333333333333332
79,1,82.0,2022-06-28 17:44:00,2022-07-02 03:17:00,49.0,6,3,16.333333333333332,16.666666666666668
80,1,83.0,2022-07-02 12:11:00,2022-07-09 10:09:00,100.0,7,6,16.666666666666668,25.0
81,1,84.0,2022-07-09 12:09:00,2022-07-13 12:22:00,100.0,7,4,25.0,20.0
82,1,85.0,2022-07-13 22:19:00,2022-07-19 17:08:00,100.0,7,5,20.0,30.166666666666668
83,1,86.0,2022-07-19 20:08:00,2022-07-23 19:11:00,90.5,7,3,30.166666666666668,16.666666666666668
84,1,87.0,2022-07-23 20:11:00,2022-07-29 22:31:00,100.0,7,6,16.666666666666668,25.25
85,1,88.0,2022-07-30 19:19:00,2022-08-02 17:04:00,50.5,7,2,25.25,22.666666666666668
86,1,89.0,2022-08-02 20:03:00,2022-08-06 17:26:00,68.0,8,3,22.666666666666668,16.666666666666668
87,1,90.0,2022-08-06 23:23:00,2022-08-13 11:42:00,100.0,8,6,16.666666666666668,16.666666666666668
88,1,91.0,2022-08-13 13:41:00,2022-08-20 12:27:00,100.0,8,6,16.666666666666668,24.333333333333332
89,1,92.0,2022-08-20 13:27:00,2022-08-23 18:04:00,73.0,8,3,24.333333333333332,16.666666666666668
90,1,93.0,2022-08-23 22:02:00,2022-08-30 18:44:00,100.0,8,6,16.666666666666668,14.285714285714286
91,1,94.0,2022-08-30 20:44:00,2022-09-06 22:23:00,100.0,8,7,14.285714285714286,16.666666666666668
92,1,95.0,2022-09-06 23:23:00,2022-09-13 17:00:00,100.0,9,6,16.666666666666668,20.666666666666668
93,1,96.0,2022-09-13 21:57:00,2022-09-17 10:27:00,62.0,9,3,20.666666666666668,27.5
94,1,97.0,2022-09-17 16:24:00,2022-09-20 06:46:00,55.0,9,2,27.5,13.0
95,1,98.0,2022-09-21 00:36:00,2022-09-24 08:31:00,39.0,9,3,13.0,16.666666666666668
96,1,99.0,2022-09-24 11:30:00,2022-09-30 13:48:00,100.0,9,6,16.666666666666668,16.666666666666668
97,1,100.0,2022-09-30 21:44:00,2022-10-07 15:18:00,100.0,9,6,16.666666666666668,16.666666666666668
98,1,101.0,2022-10-07 21:15:00,2022-10-14 19:13:00,100.0,10,6,16.666666666666668,21.666666666666668
99,1,102.0,2022-10-14 21:12:00,2022-10-18 18:29:00,65.0,10,3,21.666666666666668,20.0
100,1,103.0,2022-10-18 19:29:00,2022-10-24 14:13:00,100.0,10,5,20.0,16.666666666666668
101,1,104.0,2022-10-24 20:09:00,2022-10-31 06:22:00,100.0,10,6,16.666666666666668,14.833333333333334
102,1,105.0,2022-10-31 20:12:00,2022-11-07 18:29:00,89.0,10,6,14.833333333333334,18.666666666666668
103,1,106.0,2022-11-07 22:26:00,2022-11-11 14:08:00,56.0,11,3,18.666666666666668,14.75
104,1,107.0,2022-11-11 21:04:00,2022-11-18 15:07:00,88.5,11,6,14.75,15.166666666666666
105,1,108.0,2022-11-18 20:03:00,2022-11-25 19:23:00,91.0,11,6,15.166666666666666,15.166666666666666
106,1,109.0,2022-11-26 01:20:00,2022-12-02 22:57:00,91.0,11,6,15.166666666666666,16.666666666666668
107,1,110.0,2022-12-02 23:58:00,2022-12-09 21:50:00,100.0,12,6,16.666666666666668,16.666666666666668
108,1,111.0,2022-12-09 22:49:00,2022-12-16 10:22:00,100.0,12,6,16.666666666666668,16.666666666666668
109,1,112.0,2022-12-16 22:12:00,2022-12-23 09:24:00,100.0,12,6,16.666666666666668,28.5
110,1,113.0,2022-12-23 23:13:00,2022-12-26 10:50:00,57.0,12,2,28.5,33.333333333333336
111,1,114.0,2022-12-26 22:42:00,2022-12-30 17:36:00,100.0,12,3,33.333333333333336,16.666666666666668
112,1,115.0,2022-12-30 22:33:00,2023-01-06 12:22:00,100.0,12,6,16.666666666666668,11.642857142857142
113,1,116.0,2023-01-06 20:16:00,2023-01-13 21:56:00,81.5,1,7,11.642857142857142,16.666666666666668
114,1,117.0,2023-01-13 22:56:00,2023-01-20 17:32:00,100.0,1,6,16.666666666666668,28.5
115,1,118.0,2023-01-20 23:28:00,2023-01-23 17:01:00,57.0,1,2,28.5,16.666666666666668
116,1,119.0,2023-01-23 18:01:00,2023-01-30 09:01:00,100.0,1,6,16.666666666666668,14.285714285714286
117,1,120.0,2023-01-30 16:55:00,2023-02-06 17:54:00,100.0,1,7,14.285714285714286,18.666666666666668
118,1,121.0,2023-02-06 22:51:00,2023-02-10 18:02:00,56.0,2,3,18.666666666666668,16.666666666666668
119,1,122.0,2023-02-10 21:01:00,2023-02-17 04:54:00,100.0,2,6,16.666666666666668,16.666666666666668
120,1,123.0,2023-02-18 01:38:00,2023-02-24 18:28:00,100.0,2,6,16.666666666666668,32.5
121,1,124.0,2023-02-24 22:25:00,2023-02-27 19:32:00,65.0,2,2,32.5,16.666666666666668
122,1,125.0,2023-02-27 20:32:00,2023-03-06 20:29:00,100.0,2,6,16.666666666666668,12.0
123,1,126.0,2023-03-06 21:29:00,2023-03-13 16:49:00,72.0,3,6,12.0,14.285714285714286
124,1,127.0,2023-03-13 19:47:00,2023-03-20 21:15:00,100.0,3,7,14.285714285714286,16.666666666666668
125,1,128.0,2023-03-20 23:15:00,2023-03-27 06:54:00,100.0,3,6,16.666666666666668,11.333333333333334
126,1,129.0,2023-03-27 20:46:00,2023-04-03 05:12:00,68.0,3,6,11.333333333333334,18.0
127,1,130.0,2023-04-03 18:04:00,2023-04-07 07:31:00,54.0,4,3,18.0,16.666666666666668
128,1,131.0,2023-04-07 14:27:00,2023-04-14 13:20:00,100.0,4,6,16.666666666666668,16.666666666666668
129,1,132.0,2023-04-14 23:13:00,2023-04-21 14:42:00,100.0,4,6,16.666666666666668,16.666666666666668
130,1,133.0,2023-04-21 21:37:00,2023-04-28 19:20:00,100.0,4,6,16.666666666666668,20.0
131,1,134.0,2023-04-28 23:17:00,2023-05-04 22:00:00,100.0,4,5,20.0,16.666666666666668
132,1,135.0,2023-05-05 19:46:00,2023-05-12 01:59:00,100.0,5,6,16.666666666666668,17.6
133,1,136.0,2023-05-12 18:48:00,2023-05-18 16:44:00,88.0,5,5,17.6,24.166666666666668
134,1,137.0,2023-05-18 21:41:00,2023-05-22 19:07:00,72.5,5,3,24.166666666666668,16.666666666666668
135,1,138.0,2023-05-22 20:07:00,2023-05-29 15:18:00,100.0,5,6,16.666666666666668,16.666666666666668
136,1,139.0,2023-05-29 18:17:00,2023-06-05 15:52:00,100.0,5,6,16.666666666666668,16.666666666666668
137,1,140.0,2023-06-05 19:50:00,2023-06-12 07:38:00,100.0,6,6,16.666666666666668,16.666666666666668
138,1,141.0,2023-06-12 20:31:00,2023-06-19 15:05:00,100.0,6,6,16.666666666666668,22.666666666666668
139,1,142.0,2023-06-19 18:04:00,2023-06-23 11:33:00,68.0,6,3,22.666666666666668,38.5
140,1,143.0,2023-06-23 18:32:00,2023-06-26 13:00:00,77.0,6,2,38.5,50.0
141,1,144.0,2023-06-30 16:49:00,2023-07-03 08:14:00,100.0,6,2,50.0,24.666666666666668
142,1,145.0,2023-07-03 21:08:00,2023-07-07 12:28:00,74.0,7,3,24.666666666666668,11.11111111111111
143,1,146.0,2023-07-07 22:24:00,2023-07-17 15:13:00,100.0,7,9,11.11111111111111,63.0
144,1,147.0,2023-07-17 16:14:00,2023-07-18 20:22:00,63.0,7,1,63.0,16.666666666666668
146,1,149.0,2023-07-24 22:23:00,2023-07-31 09:38:00,100.0,7,6,16.666666666666668,33.333333333333336
147,1,150.0,2023-07-31 18:35:00,2023-08-04 16:45:00,100.0,7,3,33.333333333333336,20.0
148,1,151.0,2023-08-04 20:44:00,2023-08-10 15:55:00,100.0,8,5,20.0,20.0
149,1,152.0,2023-08-10 20:53:00,2023-08-16 19:58:00,100.0,8,5,20.0,20.0
150,1,153.0,2023-08-16 20:58:00,2023-08-22 19:04:00,100.0,8,5,20.0,25.0
151,1,154.0,2023-08-23 00:01:00,2023-08-27 23:16:00,100.0,8,4,25.0,40.5
152,1,155.0,2023-08-28 19:04:00,2023-08-31 15:44:00,81.0,8,2,40.5,15.75
153,1,156.0,2023-08-31 17:44:00,2023-09-05 16:34:00,63.0,8,4,15.75,20.0
154,1,157.0,2023-09-05 22:31:00,2023-09-11 05:03:00,100.0,9,5,20.0,24.0
155,1,158.0,2023-09-11 17:55:00,2023-09-15 09:51:00,72.0,9,3,24.0,19.25
156,1,159.0,2023-09-15 17:47:00,2023-09-20 14:15:00,77.0,9,4,19.25,29.0
157,1,160.0,2023-09-20 19:12:00,2023-09-23 10:57:00,58.0,9,2,29.0,20.0
158,1,161.0,2023-09-26 20:38:00,2023-10-02 17:21:00,100.0,9,5,20.0,16.666666666666668
159,1,162.0,2023-10-02 19:21:00,2023-10-08 21:59:00,100.0,10,6,16.666666666666668,16.666666666666668
160,1,163.0,2023-10-09 18:45:00,2023-10-16 02:30:00,100.0,10,6,16.666666666666668,16.666666666666668
161,1,164.0,2023-10-16 17:20:00,2023-10-23 10:30:00,100.0,10,6,16.666666666666668,32.0
162,1,165.0,2021-09-25 16:01:00,2021-09-27 15:51:00,32.0,9,1,32.0,15.6
163,1,166.0,2021-10-08 23:11:00,2021-10-14 08:08:00,78.0,10,5,15.6,21.333333333333332
164,1,167.0,2023-06-26 17:58:00,2023-06-30 14:49:00,64.0,6,3,21.333333333333332,30.0
165,1,168.0,2023-07-20 18:56:00,2023-07-24 16:24:00,90.0,7,3,30.0,37.5
170,2,0.0,2021-01-05 15:41:00,2021-02-03 23:14:00,88.0,1,29,3.0344827586206895,3.15
171,2,2.0,2021-02-04 16:56:00,2021-02-25 04:50:00,63.0,2,20,3.15,4.35
172,2,3.0,2021-02-25 19:00:00,2021-03-18 12:14:00,87.0,2,20,4.35,3.2777777777777777
173,2,4.0,2021-03-18 18:13:00,2021-04-15 11:52:00,88.5,3,27,3.2777777777777777,3.625
174,2,5.0,2021-04-15 16:51:00,2021-05-06 12:35:00,72.5,4,20,3.625,4.45
175,2,6.0,2021-05-06 16:36:00,2021-05-26 21:20:00,89.0,5,20,4.45,4.972222222222222
176,2,7.0,2021-05-27 16:14:00,2021-06-15 14:14:00,89.5,5,18,4.972222222222222,3.642857142857143
177,2,8.0,2021-06-15 20:14:00,2021-06-30 15:14:00,51.0,6,14,3.642857142857143,3.58
178,2,9.0,2021-06-30 16:15:00,2021-07-26 03:20:00,89.5,6,25,3.58,3.0
179,2,10.0,2021-07-26 16:16:00,2021-08-13 10:52:00,51.0,7,17,3.0,3.0
180,2,11.0,2021-08-13 18:51:00,2021-08-30 20:06:00,51.0,8,17,3.0,11.083333333333334
181,2,12.0,2021-08-31 11:00:00,2021-09-06 23:21:00,66.5,8,6,11.083333333333334,3.9615384615384617
182,2,13.0,2021-09-07 17:16:00,2021-09-20 18:29:00,51.5,9,13,3.9615384615384617,2.1944444444444446
183,2,14.0,2021-09-21 05:24:00,2021-10-09 11:36:00,39.5,9,18,2.1944444444444446,2.4375
184,2,15.0,2021-10-10 11:50:00,2021-10-26 16:58:00,39.0,10,16,2.4375,4.1875
185,2,16.0,2021-10-27 11:50:00,2021-11-13 11:16:00,67.0,10,16,4.1875,1.3333333333333333
186,2,17.0,2021-11-14 01:23:00,2021-12-11 07:34:00,36.0,11,27,1.3333333333333333,2.3
187,2,18.0,2021-12-12 07:46:00,2021-12-27 11:30:00,34.5,12,15,2.3,4.323529411764706
188,2,19.0,2021-12-28 11:44:00,2022-01-14 16:28:00,73.5,12,17,4.323529411764706,10.0
189,2,20.0,2022-01-14 18:28:00,2022-01-20 19:29:00,60.0,1,6,10.0,2.4782608695652173
190,2,21.0,2022-01-21 18:17:00,2022-02-14 01:40:00,57.0,1,23,2.4782608695652173,4.461538461538462
191,2,22.0,2022-02-14 19:32:00,2022-02-28 07:02:00,58.0,2,13,4.461538461538462,2.2
192,2,23.0,2022-02-28 18:58:00,2022-03-31 18:25:00,66.0,2,30,2.2,21.333333333333332
193,2,25.0,2022-03-31 19:25:00,2022-04-03 20:38:00,64.0,3,3,21.333333333333332,3.111111111111111
194,2,26.0,2022-04-18 18:42:00,2022-05-16 16:09:00,84.0,4,27,3.111111111111111,3.2941176470588234
195,2,27.0,2022-05-16 23:07:00,2022-06-03 03:20:00,56.0,5,17,3.2941176470588234,7.142857142857143
196,2,28.0,2022-06-03 18:14:00,2022-06-18 04:44:00,100.0,6,14,7.142857142857143,4.3
197,2,29.0,2022-06-18 13:42:00,2022-07-04 11:11:00,64.5,6,15,4.3,2.532258064516129
198,2,30.0,2022-07-28 21:05:00,2022-08-29 13:14:00,78.5,7,31,2.532258064516129,1.6973684210526316
199,2,31.0,2022-08-29 18:13:00,2022-10-07 09:34:00,64.5,8,38,1.6973684210526316,4.769230769230769
200,2,32.0,2022-10-07 17:33:00,2022-10-21 08:26:00,62.0,10,13,4.769230769230769,2.25
201,2,33.0,2022-10-21 23:21:00,2022-11-25 17:35:00,76.5,10,34,2.25,3.1
202,2,34.0,2022-11-25 18:35:00,2022-12-16 04:14:00,62.0,11,20,3.1,6.423076923076923
203,2,35.0,2022-12-17 02:04:00,2022-12-30 09:40:00,83.5,12,13,6.423076923076923,2.015151515151515
204,2,36.0,2022-12-30 19:36:00,2023-02-02 18:08:00,66.5,12,33,2.015151515151515,2.6470588235294117
205,2,37.0,2023-02-03 17:58:00,2023-02-21 01:04:00,45.0,2,17,2.6470588235294117,3.3518518518518516
206,2,38.0,2023-02-22 01:17:00,2023-03-21 11:32:00,90.5,2,27,3.3518518518518516,6.25
207,2,39.0,2023-03-21 18:31:00,2023-04-07 18:01:00,100.0,3,16,6.25,2.7037037037037037
208,2,40.0,2023-04-07 21:01:00,2023-05-05 04:01:00,73.0,4,27,2.7037037037037037,4.352941176470588
209,2,41.0,2023-05-05 18:57:00,2023-05-23 15:28:00,74.0,5,17,4.352941176470588,3.5714285714285716
210,2,42.0,2023-05-23 17:28:00,2023-06-21 06:24:00,100.0,5,28,3.5714285714285716,2.7884615384615383
211,2,43.0,2023-06-21 19:20:00,2023-07-18 17:30:00,72.5,6,26,2.7884615384615383,2.073529411764706
212,2,44.0,2023-07-18 19:30:00,2023-08-22 09:27:00,70.5,7,34,2.073529411764706,2.8636363636363638
213,2,45.0,2023-08-22 19:27:00,2023-09-13 19:42:00,63.0,8,22,2.8636363636363638,4.833333333333333
214,2,46.0,2023-09-13 22:45:00,2023-09-26 13:17:00,58.0,9,12,4.833333333333333,3.0476190476190474
215,2,47.0,2023-09-26 19:17:00,2023-10-18 17:03:00,64.0,9,21,3.0476190476190474,4.1923076923076925
216,2,48.0,2022-04-04 18:29:00,2022-04-18 01:49:00,54.5,4,13,4.1923076923076925,2.608695652173913
218,3,0.0,2021-01-05 15:39:00,2021-01-21 23:38:00,36.5,1,16,2.28125,2.272727272727273
219,3,1.0,2021-01-22 16:37:00,2021-03-08 08:10:00,100.0,1,44,2.272727272727273,1.1451612903225807
220,3,2.0,2021-03-09 00:09:00,2021-05-10 11:53:00,71.0,3,62,1.1451612903225807,1.1637931034482758
221,3,3.0,2021-05-10 14:56:00,2021-07-08 12:40:00,67.5,5,58,1.1637931034482758,0.42857142857142855
222,3,4.0,2021-07-08 18:45:00,2021-08-13 17:40:00,15.0,7,35,0.42857142857142855,1.7954545454545454
223,3,5.0,2021-08-13 18:41:00,2021-09-27 13:26:00,79.0,8,44,1.7954545454545454,10.6
224,3,6.0,2021-09-27 19:32:00,2021-10-03 11:53:00,53.0,9,5,10.6,28.5
225,3,7.0,2021-10-23 13:01:00,2021-10-26 10:56:00,57.0,10,2,28.5,2.9210526315789473
226,3,8.0,2021-12-07 19:50:00,2021-12-27 04:47:00,55.5,12,19,2.9210526315789473,0.7075471698113207
227,3,9.0,2021-12-27 18:58:00,2022-02-18 20:13:00,37.5,12,53,0.7075471698113207,6.75
229,3,11.0,2022-06-18 13:24:00,2022-06-30 15:42:00,81.0,6,12,6.75,2.413793103448276
230,3,12.0,2022-06-30 21:47:00,2022-07-30 05:38:00,70.0,6,29,2.413793103448276,1.4146341463414633
231,3,13.0,2022-09-27 11:12:00,2022-11-08 10:07:00,58.0,9,41,1.4146341463414633,2.6
232,3,14.0,2022-11-09 10:58:00,2022-11-29 13:42:00,52.0,11,20,2.6,2.673076923076923
233,3,15.0,2022-12-08 12:50:00,2023-01-03 14:01:00,69.5,12,26,2.673076923076923,2.3666666666666667
234,3,16.0,2023-01-04 12:42:00,2023-02-03 13:54:00,71.0,1,30,2.3666666666666667,0.4375
235,3,17.0,2023-02-03 17:58:00,2023-02-28 15:21:00,10.5,2,24,0.4375,1.5729166666666667
236,3,18.0,2023-03-01 16:05:00,2023-04-19 09:48:00,75.5,3,48,1.5729166666666667,1.606060606060606
237,3,19.0,2023-04-19 17:56:00,2023-05-23 13:25:00,53.0,4,33,1.606060606060606,3.46875
238,3,20.0,2023-05-24 12:12:00,2023-06-09 18:39:00,55.5,5,16,3.46875,1.7906976744186047
239,3,21.0,2023-06-12 16:56:00,2023-07-26 12:47:00,77.0,6,43,1.7906976744186047,3.4444444444444446
240,3,23.0,2021-10-04 12:35:00,2021-10-23 10:59:00,62.0,10,18,3.4444444444444446,0.8780487804878049
241,3,24.0,2021-10-26 18:03:00,2021-12-07 13:45:00,36.0,10,41,0.8780487804878049,1.4222222222222223
242,3,25.0,2022-04-05 02:55:00,2022-05-20 06:13:00,64.0,4,45,1.4222222222222223,12.5
243,3,26.0,2022-06-09 21:52:00,2022-06-18 11:21:00,100.0,6,8,12.5,2.5238095238095237
245,3,28.0,2022-02-19 01:17:00,2022-03-12 14:10:00,53.0,2,21,2.5238095238095237,55.5
248,3,31.0,2022-08-01 20:40:00,2022-08-03 01:05:00,55.5,8,1,55.5,7.2
249,3,32.0,2022-03-13 10:24:00,2022-03-18 18:59:00,36.0,3,5,7.2,4.9375
250,3,33.0,2022-05-23 17:25:00,2022-06-08 22:31:00,79.0,5,16,4.9375,4.5
253,3,36.0,2022-03-19 15:14:00,2022-04-04 20:50:00,72.0,3,16,4.5,57.5
254,3,37.0,2022-05-20 22:28:00,2022-05-21 23:50:00,57.5,5,1,57.5,27.25
255,3,38.0,2022-08-03 22:22:00,2022-08-06 01:03:00,54.5,8,2,27.25,1.1666666666666667
260,4,0.0,2021-01-04 17:18:00,2021-02-02 16:01:00,100.0,1,28,3.5714285714285716,2.6785714285714284
261,4,2.0,2021-02-03 08:48:00,2021-02-17 22:22:00,37.5,2,14,2.6785714285714284,10.0
262,4,3.0,2021-02-18 16:40:00,2021-03-01 12:05:00,100.0,2,10,10.0,4.538461538461538
263,4,4.0,2021-03-01 22:47:00,2021-03-15 09:37:00,59.0,3,13,4.538461538461538,33.75
264,4,5.0,2021-03-15 22:37:00,2021-03-18 12:34:00,67.5,3,2,33.75,16.666666666666668
265,4,6.0,2021-03-18 22:34:00,2021-03-25 16:22:00,100.0,3,6,16.666666666666668,10.0
266,4,7.0,2021-03-25 17:22:00,2021-04-05 12:05:00,100.0,3,10,10.0,3.3333333333333335
267,4,8.0,2021-04-05 19:06:00,2021-05-06 14:38:00,100.0,4,30,3.3333333333333335,2.370967741935484
268,4,9.0,2021-05-06 20:38:00,2021-06-07 07:15:00,73.5,5,31,2.370967741935484,2.4
269,4,10.0,2021-06-07 22:15:00,2021-07-07 22:32:00,72.0,6,30,2.4,4.625
271,4,13.0,2021-08-14 00:27:00,2021-08-30 10:12:00,74.0,8,16,4.625,1.6428571428571428
272,4,14.0,2021-08-30 15:13:00,2021-10-04 21:56:00,57.5,8,35,1.6428571428571428,3.075
273,4,15.0,2021-10-05 16:55:00,2021-10-26 11:05:00,61.5,10,20,3.075,1.8148148148148149
274,4,16.0,2021-10-27 00:04:00,2021-11-23 00:18:00,49.0,10,27,1.8148148148148149,1.5757575757575757
275,4,17.0,2021-11-24 00:15:00,2021-12-27 14:45:00,52.0,11,33,1.5757575757575757,1.4134615384615385
276,4,18.0,2021-12-28 02:44:00,2022-02-18 13:27:00,73.5,12,52,1.4134615384615385,2.0652173913043477
277,4,19.0,2022-02-18 21:27:00,2022-03-14 00:32:00,47.5,2,23,2.0652173913043477,1.5142857142857142
278,4,20.0,2022-03-14 19:30:00,2022-04-18 19:57:00,53.0,3,35,1.5142857142857142,2.5185185185185186
279,4,21.0,2022-04-19 01:57:00,2022-05-16 12:19:00,68.0,4,27,2.5185185185185186,2.232142857142857
280,4,22.0,2022-05-16 16:20:00,2022-06-13 19:06:00,62.5,5,28,2.232142857142857,1.6666666666666667
281,4,23.0,2022-06-14 01:07:00,2022-07-14 19:03:00,50.0,6,30,1.6666666666666667,4.166666666666667
282,4,24.0,2022-07-15 19:30:00,2022-08-08 21:33:00,100.0,7,24,4.166666666666667,2.630434782608696
283,4,25.0,2022-08-09 00:34:00,2022-09-01 20:55:00,60.5,8,23,2.630434782608696,4.461538461538462
284,4,26.0,2022-09-02 16:55:00,2022-09-16 13:26:00,58.0,9,13,4.461538461538462,3.1296296296296298
285,4,27.0,2022-09-16 17:27:00,2022-10-13 21:14:00,84.5,9,27,3.1296296296296298,2.6
286,4,28.0,2022-10-14 20:14:00,2022-11-04 12:03:00,52.0,10,20,2.6,0.2903225806451613
287,4,29.0,2022-11-04 18:03:00,2022-12-05 19:33:00,9.0,11,31,0.2903225806451613,1.2613636363636365
288,4,30.0,2022-12-06 19:56:00,2023-01-20 17:46:00,55.5,12,44,1.2613636363636365,21.0
289,4,31.0,2023-01-20 23:46:00,2023-01-24 21:04:00,63.0,1,3,21.0,10.2
290,4,32.0,2023-01-24 22:05:00,2023-01-30 03:20:00,51.0,1,5,10.2,4.6923076923076925
291,4,33.0,2023-02-15 00:14:00,2023-02-28 19:33:00,61.0,2,13,4.6923076923076925,9.1
292,4,34.0,2023-03-01 00:33:00,2023-03-06 23:38:00,45.5,3,5,9.1,21.333333333333332
293,4,35.0,2023-04-10 22:48:00,2023-04-13 22:53:00,64.0,4,3,21.333333333333332,2.074074074074074
294,4,36.0,2023-04-14 17:53:00,2023-05-12 13:09:00,56.0,4,27,2.074074074074074,4.71875
295,4,37.0,2023-05-12 18:09:00,2023-05-29 09:38:00,75.5,5,16,4.71875,1.4090909090909092
296,4,38.0,2023-05-29 18:39:00,2023-06-21 10:53:00,31.0,5,22,1.4090909090909092,1.55
297,4,39.0,2023-06-21 20:55:00,2023-07-12 20:52:00,31.0,6,20,1.55,13.6
298,4,40.0,2023-07-13 18:55:00,2023-07-19 02:05:00,68.0,7,5,13.6,3.5714285714285716
299,4,41.0,2023-07-19 18:07:00,2023-08-16 18:39:00,100.0,7,28,3.5714285714285716,3.8461538461538463
300,4,42.0,2023-08-16 22:40:00,2023-08-30 16:53:00,50.0,8,13,3.8461538461538463,5.555555555555555
301,4,43.0,2023-08-30 20:54:00,2023-09-18 13:03:00,100.0,8,18,5.555555555555555,1.5694444444444444
302,4,44.0,2021-07-08 08:33:00,2021-08-13 19:27:00,56.5,7,36,1.5694444444444444,51.0
303,4,45.0,2023-01-30 12:19:00,2023-01-31 14:18:00,51.0,1,1,51.0,5.2272727272727275
304,4,46.0,2023-03-30 04:11:00,2023-04-10 19:47:00,57.5,3,11,5.2272727272727275,5.538461538461538
305,4,47.0,2023-01-31 18:19:00,2023-02-14 11:14:00,72.0,1,13,5.538461538461538,2.909090909090909
308,5,0.0,2021-01-05 16:28:00,2021-04-14 17:58:00,50.0,1,99,0.5050505050505051,0.7133333333333334
309,5,1.0,2021-04-15 17:20:00,2021-06-30 05:43:00,53.5,4,75,0.7133333333333334,0.9615384615384616
310,5,2.0,2021-06-30 17:26:00,2021-08-09 17:06:00,37.5,6,39,0.9615384615384616,3.75
311,5,3.0,2021-08-10 00:54:00,2021-08-18 01:39:00,30.0,8,8,3.75,0.8706896551724138
312,5,4.0,2021-08-19 01:27:00,2021-10-16 13:55:00,50.5,8,58,0.8706896551724138,1.6756756756756757
313,5,5.0,2021-10-16 19:46:00,2021-11-23 09:41:00,62.0,10,37,1.6756756756756757,1.3275862068965518
314,5,6.0,2021-11-23 19:25:00,2022-01-21 11:02:00,77.0,11,58,1.3275862068965518,2.3225806451612905
315,5,7.0,2022-01-21 16:53:00,2022-02-21 17:03:00,72.0,1,31,2.3225806451612905,1.3461538461538463
316,5,8.0,2022-02-22 14:54:00,2022-03-21 13:46:00,35.0,2,26,1.3461538461538463,1.6097560975609757
317,5,9.0,2022-03-22 09:14:00,2022-05-02 13:34:00,66.0,3,41,1.6097560975609757,1.6470588235294117
318,5,10.0,2022-05-02 22:21:00,2022-06-06 08:45:00,56.0,5,34,1.6470588235294117,4.0
319,5,11.0,2022-06-06 19:30:00,2022-06-25 11:14:00,72.0,6,18,4.0,2.127659574468085
320,5,12.0,2022-06-25 18:05:00,2022-08-12 14:35:00,100.0,6,47,2.127659574468085,1.4594594594594594
321,5,13.0,2022-08-12 23:26:00,2022-09-19 15:25:00,54.0,8,37,1.4594594594594594,1.6714285714285715
322,5,14.0,2022-09-19 19:21:00,2022-10-25 16:25:00,58.5,9,35,1.6714285714285715,1.3333333333333333
323,5,15.0,2022-10-26 12:19:00,2022-11-25 13:45:00,40.0,10,30,1.3333333333333333,0.7894736842105263
324,5,16.0,2022-12-06 12:02:00,2023-01-13 14:49:00,30.0,12,38,0.7894736842105263,2.4390243902439024
325,5,17.0,2023-03-22 14:21:00,2023-05-02 14:36:00,100.0,3,41,2.4390243902439024,5.0
326,5,18.0,2023-05-03 10:24:00,2023-05-23 14:06:00,100.0,5,20,5.0,2.84375
327,5,19.0,2023-05-23 18:59:00,2023-06-09 15:49:00,45.5,5,16,2.84375,1.5555555555555556
328,5,20.0,2023-06-10 11:37:00,2023-07-25 15:47:00,70.0,6,45,1.5555555555555556,2.388888888888889
329,5,21.0,2023-07-26 11:37:00,2023-08-22 13:41:00,64.5,7,27,2.388888888888889,1.696969696969697
331,6,0.0,2021-01-25 07:36:00,2021-02-21 18:36:00,34.5,1,27,1.2777777777777777,1.5609756097560976
332,6,1.0,2021-02-22 16:55:00,2021-04-05 16:28:00,64.0,2,41,1.5609756097560976,1.4375
333,6,2.0,2021-04-06 00:16:00,2021-05-24 15:31:00,69.0,4,48,1.4375,4.285714285714286
334,6,3.0,2021-05-24 21:22:00,2021-06-15 17:46:00,90.0,5,21,4.285714285714286,5.2727272727272725
335,6,4.0,2021-06-15 23:37:00,2021-06-27 08:57:00,58.0,6,11,5.2727272727272725,2.6666666666666665
336,6,5.0,2021-06-27 15:48:00,2021-07-15 17:13:00,48.0,6,18,2.6666666666666665,3.0434782608695654
337,6,6.0,2021-10-12 17:38:00,2021-11-05 13:36:00,70.0,10,23,3.0434782608695654,67.0
338,6,7.0,2021-11-05 14:36:00,2021-11-06 15:01:00,67.0,11,1,67.0,2.324324324324324
339,6,8.0,2021-11-06 21:51:00,2021-12-14 15:13:00,86.0,11,37,2.324324324324324,2.7884615384615383
340,6,9.0,2021-12-14 22:02:00,2022-01-10 13:57:00,72.5,12,26,2.7884615384615383,1.1222222222222222
341,6,10.0,2022-01-10 19:48:00,2022-02-25 19:13:00,50.5,1,45,1.1222222222222222,38.0
342,6,11.0,2022-03-07 07:32:00,2022-03-08 20:40:00,38.0,3,1,38.0,3.0833333333333335
343,6,12.0,2022-04-04 21:48:00,2022-04-29 01:12:00,74.0,4,24,3.0833333333333335,1.3214285714285714
344,6,13.0,2022-04-30 00:38:00,2022-05-28 03:55:00,37.0,4,28,1.3214285714285714,4.545454545454546
345,6,14.0,2022-06-13 22:43:00,2022-06-25 07:54:00,50.0,6,11,4.545454545454546,3.25
346,6,15.0,2022-08-02 01:36:00,2022-08-22 09:23:00,65.0,8,20,3.25,4.714285714285714
347,6,16.0,2022-08-23 01:02:00,2022-09-06 14:32:00,66.0,8,14,4.714285714285714,3.4642857142857144
348,6,17.0,2022-09-06 20:25:00,2022-09-21 12:32:00,48.5,9,14,3.4642857142857144,0.8125
349,6,18.0,2022-11-01 13:26:00,2023-01-13 12:23:00,58.5,11,72,0.8125,2.1515151515151514
350,6,19.0,2023-01-15 11:51:00,2023-02-17 11:55:00,71.0,1,33,2.1515151515151514,0.9152542372881356
351,6,20.0,2023-02-18 11:33:00,2023-04-18 13:12:00,54.0,2,59,0.9152542372881356,1.1568627450980393
352,6,21.0,2023-04-18 17:08:00,2023-06-09 11:49:00,59.0,4,51,1.1568627450980393,1.326086956521739
353,6,22.0,2023-06-09 18:40:00,2023-07-26 14:24:00,61.0,6,46,1.326086956521739,4.5
354,6,23.0,2023-07-28 12:42:00,2023-08-16 12:08:00,81.0,7,18,4.5,1.5625
355,6,24.0,2023-08-17 11:59:00,2023-09-26 14:13:00,62.5,8,40,1.5625,1.3548387096774193
356,6,25.0,2021-07-15 23:05:00,2021-08-16 14:32:00,42.0,7,31,1.3548387096774193,4.222222222222222
357,6,26.0,2022-02-25 23:08:00,2022-03-07 04:37:00,38.0,2,9,4.222222222222222,17.875
359,6,28.0,2022-06-08 15:50:00,2022-06-13 07:02:00,71.5,6,4,17.875,6.0
361,6,30.0,2022-09-25 14:35:00,2022-10-03 20:34:00,48.0,9,8,6.0,32.0
362,6,31.0,2021-10-10 12:52:00,2021-10-12 15:40:00,64.0,10,2,32.0,23.5
364,6,33.0,2022-05-28 12:43:00,2022-05-31 05:10:00,47.0,5,2,23.5,1.5142857142857142
365,6,34.0,2022-06-25 20:37:00,2022-07-31 04:33:00,53.0,6,35,1.5142857142857142,51.0
366,6,35.0,2022-09-24 13:13:00,2022-09-25 13:36:00,51.0,9,1,51.0,1.8888888888888888
367,6,36.0,2022-10-03 23:30:00,2022-10-31 13:39:00,51.0,10,27,1.8888888888888888,15.666666666666666
368,6,37.0,2021-08-16 17:28:00,2021-08-20 06:52:00,47.0,8,3,15.666666666666666,9.3
370,6,39.0,2022-05-31 22:44:00,2022-06-06 12:38:00,46.5,5,5,9.3,1.173913043478261
372,6,41.0,2021-08-24 12:15:00,2021-10-10 11:52:00,54.0,8,46,1.173913043478261,3.6875
373,6,42.0,2022-03-10 10:44:00,2022-04-04 03:16:00,88.5,3,24,3.6875,61.0
374,6,43.0,2022-06-06 15:35:00,2022-06-08 06:04:00,61.0,6,1,61.0,26.5
375,6,44.0,2022-09-21 13:31:00,2022-09-23 15:44:00,53.0,9,2,26.5,17.5
378,7,0.0,2021-01-04 21:06:00,2021-01-14 13:13:00,58.5,1,9,6.5,1.0657894736842106
379,7,1.0,2021-01-14 18:17:00,2021-02-22 04:42:00,40.5,1,38,1.0657894736842106,2.347826086956522
380,7,2.0,2021-02-22 16:41:00,2021-03-18 05:18:00,54.0,2,23,2.347826086956522,1.2363636363636363
381,7,3.0,2021-03-18 21:36:00,2021-05-13 12:25:00,68.0,3,55,1.2363636363636363,4.166666666666667
382,7,4.0,2021-05-13 21:29:00,2021-06-07 15:10:00,100.0,5,24,4.166666666666667,50.0
383,7,5.0,2021-06-07 21:32:00,2021-06-10 17:32:00,100.0,6,2,50.0,1.5666666666666667
384,7,6.0,2021-06-10 23:53:00,2021-07-26 11:36:00,70.5,6,45,1.5666666666666667,1.625
385,7,7.0,2021-07-26 22:30:00,2021-08-16 20:51:00,32.5,7,20,1.625,2.3076923076923075
386,7,8.0,2021-08-17 18:36:00,2021-08-31 14:48:00,30.0,8,13,2.3076923076923075,2.433333333333333
387,7,9.0,2021-08-31 15:44:00,2021-09-30 20:23:00,73.0,8,30,2.433333333333333,1.6388888888888888
388,7,10.0,2021-10-01 00:00:00,2021-11-06 10:51:00,59.0,10,36,1.6388888888888888,2.840909090909091
389,7,11.0,2021-12-04 08:02:00,2021-12-27 05:03:00,62.5,12,22,2.840909090909091,3.55
390,7,12.0,2021-12-28 01:51:00,2022-01-17 10:29:00,71.0,12,20,3.55,1.962962962962963
391,7,13.0,2022-01-17 23:09:00,2022-02-14 04:02:00,53.0,1,27,1.962962962962963,2.9583333333333335
392,7,14.0,2022-02-15 00:49:00,2022-03-11 08:56:00,71.0,2,24,2.9583333333333335,3.375
393,7,15.0,2022-03-11 20:42:00,2022-03-28 14:02:00,54.0,3,16,3.375,0.9285714285714286
394,7,16.0,2022-03-28 17:40:00,2022-05-23 19:34:00,52.0,3,56,0.9285714285714286,7.777777777777778
395,7,17.0,2022-05-24 00:05:00,2022-06-02 12:35:00,70.0,5,9,7.777777777777778,6.4
397,7,19.0,2022-08-15 20:14:00,2022-08-26 13:14:00,64.0,8,10,6.4,4.625
398,7,20.0,2022-08-26 23:13:00,2022-09-12 01:50:00,74.0,8,16,4.625,5.8
399,7,21.0,2022-09-12 21:45:00,2022-09-23 05:55:00,58.0,9,10,5.8,5.777777777777778
400,7,22.0,2022-09-23 23:08:00,2022-10-03 10:35:00,52.0,9,9,5.777777777777778,1.394736842105263
401,7,23.0,2022-10-07 23:11:00,2022-11-15 19:21:00,53.0,10,38,1.394736842105263,3.3260869565217392
402,7,24.0,2022-11-15 22:05:00,2022-12-09 19:36:00,76.5,11,23,3.3260869565217392,2.5
403,7,25.0,2022-12-09 21:26:00,2022-12-31 01:48:00,52.5,12,21,2.5,2.764705882352941
404,7,26.0,2022-12-31 02:43:00,2023-01-17 17:05:00,47.0,12,17,2.764705882352941,1.5757575757575757
405,7,27.0,2023-01-18 00:19:00,2023-02-20 19:26:00,52.0,1,33,1.5757575757575757,1.7857142857142858
406,7,28.0,2023-02-21 08:05:00,2023-04-04 11:15:00,75.0,2,42,1.7857142857142858,3.142857142857143
407,7,29.0,2023-04-04 17:38:00,2023-05-02 23:56:00,88.0,4,28,3.142857142857143,4.230769230769231
408,7,30.0,2023-05-03 00:51:00,2023-05-16 21:06:00,55.0,5,13,4.230769230769231,6.333333333333333
409,7,31.0,2023-05-17 00:43:00,2023-05-29 20:12:00,76.0,5,12,6.333333333333333,3.2058823529411766
410,7,32.0,2023-05-29 22:55:00,2023-06-16 14:33:00,54.5,5,17,3.2058823529411766,2.7916666666666665
411,7,33.0,2023-06-16 20:56:00,2023-07-11 11:10:00,67.0,6,24,2.7916666666666665,6.666666666666667
412,7,34.0,2023-07-11 22:05:00,2023-07-27 12:41:00,100.0,7,15,6.666666666666667,25.0
413,7,35.0,2023-07-27 19:03:00,2023-07-31 19:31:00,100.0,7,4,25.0,5.8
414,7,36.0,2023-07-31 22:15:00,2023-08-16 17:43:00,87.0,7,15,5.8,7.291666666666667
415,7,37.0,2023-08-16 20:27:00,2023-08-29 14:58:00,87.5,8,12,7.291666666666667,4.3076923076923075
416,7,38.0,2023-08-29 17:42:00,2023-09-11 18:41:00,56.0,8,13,4.3076923076923075,1.8478260869565217
417,7,39.0,2023-09-11 23:14:00,2023-10-05 20:27:00,42.5,9,23,1.8478260869565217,3.7037037037037037
418,7,40.0,2021-11-06 21:44:00,2021-12-04 03:31:00,100.0,11,27,3.7037037037037037,1.7317073170731707
419,7,41.0,2022-06-03 15:46:00,2022-07-15 15:35:00,71.0,6,41,1.7317073170731707,20.666666666666668
420,7,42.0,2022-10-03 16:02:00,2022-10-07 10:28:00,62.0,10,3,20.666666666666668,3.3333333333333335
422,8,0.0,2021-01-25 09:04:00,2021-02-18 09:35:00,54.0,1,24,2.25,67.0
423,8,1.0,2021-03-09 05:22:00,2021-03-10 19:08:00,67.0,3,1,67.0,4.166666666666667
424,8,2.0,2021-03-11 19:21:00,2021-04-05 11:43:00,100.0,3,24,4.166666666666667,5.055555555555555
425,8,3.0,2021-04-05 21:40:00,2021-04-15 16:17:00,45.5,4,9,5.055555555555555,2.015151515151515
426,8,4.0,2021-04-16 09:09:00,2021-05-19 19:39:00,66.5,4,33,2.015151515151515,1.3061224489795917
427,8,5.0,2021-05-20 18:32:00,2021-07-09 14:12:00,64.0,5,49,1.3061224489795917,25.0
428,8,6.0,2021-07-10 11:06:00,2021-07-14 16:51:00,100.0,7,4,25.0,6.8076923076923075
429,8,7.0,2021-07-15 17:09:00,2021-07-28 22:34:00,88.5,7,13,6.8076923076923075,14.6
430,8,8.0,2021-07-29 17:28:00,2021-08-04 01:23:00,73.0,7,5,14.6,16.666666666666668
431,8,9.0,2021-08-04 20:17:00,2021-08-11 06:31:00,100.0,8,6,16.666666666666668,11.11111111111111
432,8,10.0,2021-08-11 17:29:00,2021-08-21 08:29:00,100.0,8,9,11.11111111111111,12.5
433,8,11.0,2021-08-21 14:29:00,2021-08-30 12:08:00,100.0,8,8,12.5,3.0869565217391304
434,8,12.0,2021-08-30 20:07:00,2021-09-23 10:03:00,71.0,8,23,3.0869565217391304,2.109375
435,8,13.0,2021-09-23 18:02:00,2021-10-26 08:30:00,67.5,9,32,2.109375,3.217391304347826
436,8,14.0,2021-10-26 19:27:00,2021-11-19 17:58:00,74.0,10,23,3.217391304347826,12.666666666666666
437,8,15.0,2021-11-20 15:49:00,2021-11-26 20:47:00,76.0,11,6,12.666666666666666,11.11111111111111
438,8,16.0,2021-11-27 08:42:00,2021-12-07 00:17:00,100.0,11,9,11.11111111111111,1.7857142857142858
439,8,17.0,2021-12-07 21:08:00,2022-01-05 09:22:00,50.0,12,28,1.7857142857142858,4.916666666666667
440,8,18.0,2022-01-05 20:17:00,2022-01-24 16:43:00,88.5,1,18,4.916666666666667,3.025
441,8,19.0,2022-01-24 20:42:00,2022-02-14 15:04:00,60.5,1,20,3.025,1.7666666666666666
442,8,20.0,2022-02-14 20:03:00,2022-04-01 16:20:00,79.5,2,45,1.7666666666666666,7.555555555555555
443,8,21.0,2022-04-01 18:20:00,2022-04-10 22:20:00,68.0,4,9,7.555555555555555,6.5
444,8,22.0,2022-04-11 19:11:00,2022-04-22 10:05:00,65.0,4,10,6.5,1.7604166666666667
445,8,23.0,2022-04-22 19:02:00,2022-06-10 15:33:00,84.5,4,48,1.7604166666666667,4.625
446,8,24.0,2022-06-10 18:34:00,2022-06-27 09:27:00,74.0,6,16,4.625,1.4270833333333333
447,8,25.0,2022-06-27 21:25:00,2022-08-14 22:18:00,68.5,6,48,1.4270833333333333,1.1440677966101696
448,8,26.0,2022-08-15 21:11:00,2022-10-13 23:18:00,67.5,8,59,1.1440677966101696,4.166666666666667
449,8,27.0,2022-10-14 19:13:00,2022-11-08 08:50:00,100.0,10,24,4.166666666666667,1.3048780487804879
450,8,28.0,2022-11-08 18:47:00,2022-12-20 04:11:00,53.5,11,41,1.3048780487804879,1.5869565217391304
451,8,29.0,2022-12-20 20:05:00,2023-01-13 12:35:00,36.5,12,23,1.5869565217391304,5.882352941176471
452,8,30.0,2023-01-13 18:34:00,2023-01-31 08:58:00,100.0,1,17,5.882352941176471,1.0603448275862069
453,8,31.0,2023-01-31 18:56:00,2023-03-31 18:01:00,61.5,1,58,1.0603448275862069,2.193548387096774
454,8,32.0,2023-03-31 22:59:00,2023-05-02 19:27:00,68.0,3,31,2.193548387096774,1.0784313725490196
455,8,33.0,2023-05-02 21:27:00,2023-06-23 00:00:00,55.0,5,51,1.0784313725490196,4.7105263157894735
456,8,34.0,2023-06-23 18:56:00,2023-07-13 09:36:00,89.5,6,19,4.7105263157894735,1.3777777777777778
457,8,35.0,2023-07-13 20:36:00,2023-08-28 15:52:00,62.0,7,45,1.3777777777777778,1.6090909090909091
458,8,36.0,2023-08-28 20:51:00,2023-10-23 02:00:00,88.5,8,55,1.6090909090909091,2.6470588235294117
461,9,0.0,2021-01-19 08:19:00,2021-02-09 23:00:00,32.5,1,21,1.5476190476190477,2.2285714285714286
462,9,1.0,2021-02-10 21:19:00,2021-03-18 07:59:00,78.0,2,35,2.2285714285714286,2.9130434782608696
463,9,2.0,2021-03-18 19:53:00,2021-04-11 14:24:00,67.0,3,23,2.9130434782608696,1.369047619047619
464,9,3.0,2021-04-11 18:58:00,2021-05-24 11:08:00,57.5,4,42,1.369047619047619,2.975
465,9,4.0,2021-05-24 18:28:00,2021-06-13 23:31:00,59.5,5,20,2.975,4.166666666666667
466,9,5.0,2021-06-19 14:27:00,2021-07-13 19:59:00,100.0,6,24,4.166666666666667,2.8333333333333335
467,9,6.0,2021-07-13 21:49:00,2021-08-04 10:49:00,59.5,7,21,2.8333333333333335,9.833333333333334
468,9,7.0,2021-08-04 19:04:00,2021-08-11 00:04:00,59.0,8,6,9.833333333333334,4.066666666666666
469,9,8.0,2021-08-11 17:26:00,2021-08-27 06:52:00,61.0,8,15,4.066666666666666,2.3461538461538463
470,9,9.0,2021-08-27 12:22:00,2021-09-23 02:28:00,61.0,8,26,2.3461538461538463,2.3043478260869565
471,9,10.0,2021-10-23 10:38:00,2021-11-15 23:28:00,53.0,10,23,2.3043478260869565,1.5416666666666667
472,9,11.0,2021-11-16 19:34:00,2021-12-11 02:42:00,37.0,11,24,1.5416666666666667,1.7333333333333334
473,9,12.0,2021-12-11 10:56:00,2022-01-10 20:16:00,52.0,12,30,1.7333333333333334,7.6923076923076925
474,9,13.0,2022-01-10 21:12:00,2022-01-24 10:07:00,100.0,1,13,7.6923076923076925,1.640625
475,9,14.0,2022-01-24 20:10:00,2022-02-25 20:10:00,52.5,1,32,1.640625,1.5135135135135136
476,9,15.0,2022-02-25 22:55:00,2022-04-04 17:43:00,56.0,2,37,1.5135135135135136,1.5526315789473684
477,9,16.0,2022-04-04 21:23:00,2022-05-13 12:38:00,59.0,4,38,1.5526315789473684,2.0588235294117645
478,9,17.0,2022-05-13 19:58:00,2022-06-17 16:27:00,70.0,5,34,2.0588235294117645,2.090909090909091
479,9,18.0,2022-06-17 19:12:00,2022-07-21 09:58:00,69.0,6,33,2.090909090909091,4.107142857142857
480,9,19.0,2022-07-21 19:07:00,2022-08-05 16:05:00,57.5,7,14,4.107142857142857,6.777777777777778
481,9,20.0,2022-08-05 23:25:00,2022-08-15 20:55:00,61.0,8,9,6.777777777777778,1.9431818181818181
482,9,21.0,2022-08-16 16:06:00,2022-09-30 15:22:00,85.5,8,44,1.9431818181818181,4.875
483,9,22.0,2022-09-30 19:02:00,2022-10-17 11:07:00,78.0,9,16,4.875,2.017857142857143
484,9,23.0,2022-10-17 19:21:00,2022-11-15 12:06:00,56.5,10,28,2.017857142857143,22.666666666666668
485,9,24.0,2022-11-15 23:59:00,2022-11-19 19:30:00,68.0,11,3,22.666666666666668,1.5833333333333333
487,9,26.0,2022-12-31 00:57:00,2023-01-24 16:44:00,38.0,12,24,1.5833333333333333,0.4375
488,9,27.0,2023-01-24 19:29:00,2023-02-17 20:53:00,10.5,1,24,0.4375,1.8783783783783783
489,9,28.0,2023-02-18 19:11:00,2023-03-28 13:26:00,69.5,2,37,1.8783783783783783,1.7166666666666666
490,9,29.0,2023-03-28 20:46:00,2023-04-27 23:26:00,51.5,3,30,1.7166666666666666,1.8846153846153846
491,9,30.0,2023-04-28 21:22:00,2023-05-25 03:26:00,49.0,4,26,1.8846153846153846,1.2916666666666667
492,9,31.0,2023-05-25 19:55:00,2023-07-13 11:44:00,62.0,5,48,1.2916666666666667,11.5
493,9,32.0,2023-07-13 19:59:00,2023-07-20 13:52:00,69.0,7,6,11.5,3.08
494,9,33.0,2023-07-20 21:12:00,2023-08-15 04:44:00,77.0,7,25,3.08,2.7027027027027026
495,9,34.0,2023-08-15 19:22:00,2023-09-22 09:18:00,100.0,8,37,2.7027027027027026,1.5833333333333333
496,9,35.0,2023-09-22 23:56:00,2023-10-17 12:58:00,38.0,9,24,1.5833333333333333,16.875
497,9,36.0,2021-06-14 16:53:00,2021-06-19 13:32:00,67.5,6,4,16.875,2.3793103448275863
498,9,37.0,2021-09-23 21:40:00,2021-10-23 02:24:00,69.0,9,29,2.3793103448275863,13.7
499,9,38.0,2022-11-20 04:42:00,2022-11-25 12:10:00,68.5,11,5,13.7,51.5
500,9,39.0,2022-12-29 17:52:00,2022-12-30 21:17:00,51.5,12,1,51.5,12.625
501,9,40.0,2022-11-25 14:00:00,2022-11-29 15:02:00,50.5,11,4,12.625,2.0689655172413794
503,10,0.0,2021-01-04 21:33:00,2021-02-25 05:51:00,33.0,1,51,0.6470588235294118,5.0
504,10,1.0,2021-02-25 23:20:00,2021-03-08 13:26:00,50.0,2,10,5.0,0.8620689655172413
505,10,2.0,2021-03-09 01:16:00,2021-05-06 05:04:00,50.0,3,58,0.8620689655172413,1.7037037037037037
506,10,3.0,2021-05-07 00:17:00,2021-06-03 18:43:00,46.0,5,27,1.7037037037037037,2.6379310344827585
507,10,4.0,2021-06-03 22:46:00,2021-07-03 02:27:00,76.5,6,29,2.6379310344827585,1.5365853658536586
508,10,5.0,2021-07-03 06:30:00,2021-08-13 07:11:00,63.0,7,41,1.5365853658536586,2.9166666666666665
509,10,6.0,2021-08-14 00:23:00,2021-09-13 10:26:00,87.5,8,30,2.9166666666666665,0.9230769230769231
510,10,7.0,2021-09-13 15:30:00,2021-10-23 05:17:00,36.0,9,39,0.9230769230769231,1.605263157894737
511,10,8.0,2021-10-23 14:23:00,2021-11-30 15:40:00,61.0,10,38,1.605263157894737,1.391304347826087
512,10,9.0,2021-11-30 23:45:00,2021-12-24 08:12:00,32.0,11,23,1.391304347826087,24.833333333333332
513,10,10.0,2021-12-24 16:17:00,2021-12-27 18:50:00,74.5,12,3,24.833333333333332,0.8181818181818182
514,10,11.0,2021-12-28 02:55:00,2022-02-21 22:17:00,45.0,12,55,0.8181818181818182,0.9144736842105263
515,10,12.0,2022-02-22 00:19:00,2022-05-09 18:28:00,69.5,2,76,0.9144736842105263,1.5
516,10,13.0,2022-05-10 00:32:00,2022-06-17 13:55:00,57.0,5,38,1.5,1.4431818181818181
517,10,14.0,2022-06-17 17:59:00,2022-07-31 23:40:00,63.5,6,44,1.4431818181818181,3.125
518,10,15.0,2022-08-02 00:21:00,2022-08-18 13:06:00,50.0,8,16,3.125,3.111111111111111
519,10,16.0,2022-09-02 23:14:00,2022-09-30 15:46:00,84.0,9,27,3.111111111111111,1.0057471264367817
520,10,17.0,2022-10-01 00:52:00,2022-12-27 15:17:00,87.5,10,87,1.0057471264367817,1.2391304347826086
521,10,18.0,2022-12-28 01:24:00,2023-01-20 08:01:00,28.5,12,23,1.2391304347826086,1.0273972602739727
522,10,19.0,2023-01-21 00:11:00,2023-04-04 12:29:00,75.0,1,73,1.0273972602739727,3.7037037037037037
523,10,20.0,2023-04-04 17:34:00,2023-05-02 15:43:00,100.0,4,27,3.7037037037037037,0.98
524,10,21.0,2023-05-03 02:52:00,2023-06-22 11:20:00,49.0,5,50,0.98,1.3220338983050848
525,10,22.0,2023-06-23 10:52:00,2023-08-21 17:00:00,78.0,6,59,1.3220338983050848,4.461538461538462
528,11,0.0,2021-01-30 12:59:00,2021-03-01 11:37:00,30.0,1,29,1.0344827586206897,1.1451612903225807
529,11,1.0,2021-03-02 12:14:00,2021-05-03 20:00:00,71.0,3,62,1.1451612903225807,1.353658536585366
530,11,2.0,2021-05-03 22:01:00,2021-06-14 06:14:00,55.5,5,41,1.353658536585366,5.666666666666667
531,11,3.0,2021-06-14 21:23:00,2021-06-24 14:20:00,51.0,6,9,5.666666666666667,6.2727272727272725
532,11,4.0,2021-06-24 20:25:00,2021-07-06 01:37:00,69.0,6,11,6.2727272727272725,1.3571428571428572
533,11,5.0,2021-07-06 19:47:00,2021-08-03 21:12:00,38.0,7,28,1.3571428571428572,100.0
534,11,6.0,2021-08-04 21:50:00,2021-08-06 14:13:00,100.0,8,1,100.0,20.0
536,11,8.0,2021-08-31 15:44:00,2021-09-06 14:21:00,100.0,8,5,20.0,0.7688679245283019
537,11,9.0,2021-09-06 17:24:00,2021-12-21 21:13:00,81.5,9,106,0.7688679245283019,0.1779324055666004
538,11,10.0,2022-05-20 21:31:00,2023-10-06 16:54:00,89.5,5,503,0.1779324055666004,6.454545454545454
539,11,11.0,2021-08-06 16:15:00,2021-08-18 08:33:00,71.0,8,11,6.454545454545454,50.0
540,11,12.0,2021-08-26 16:44:00,2021-08-29 14:12:00,100.0,8,2,50.0,0.9259259259259259
541,11,13.0,2021-12-21 22:14:00,2022-02-14 05:48:00,50.0,12,54,0.9259259259259259,0.5957446808510638
544,11,16.0,2022-02-14 22:56:00,2022-05-20 19:29:00,56.0,2,94,0.5957446808510638,25.0
548,12,0.0,2021-01-05 16:45:00,2021-01-27 11:20:00,67.0,1,21,3.1904761904761907,7.714285714285714
549,12,2.0,2021-01-27 14:50:00,2021-02-04 14:49:00,54.0,1,7,7.714285714285714,1.8970588235294117
550,12,3.0,2021-02-04 17:20:00,2021-03-11 15:18:00,64.5,2,34,1.8970588235294117,3.7708333333333335
551,12,4.0,2021-03-11 19:15:00,2021-04-05 16:59:00,90.5,3,24,3.7708333333333335,5.071428571428571
552,12,6.0,2021-04-05 19:56:00,2021-04-19 20:15:00,71.0,4,14,5.071428571428571,3.875
553,12,7.0,2021-04-19 21:15:00,2021-05-09 21:30:00,77.5,4,20,3.875,5.115384615384615
554,12,8.0,2021-05-10 15:11:00,2021-05-24 00:49:00,66.5,5,13,5.115384615384615,2.272727272727273
556,12,10.0,2021-05-30 09:35:00,2021-07-03 05:26:00,75.0,5,33,2.272727272727273,21.375
557,12,11.0,2021-07-03 13:18:00,2021-07-08 09:26:00,85.5,7,4,21.375,5.264705882352941
558,12,12.0,2021-07-08 17:19:00,2021-07-26 13:18:00,89.5,7,17,5.264705882352941,8.15
559,12,13.0,2021-07-26 16:16:00,2021-08-05 16:53:00,81.5,7,10,8.15,15.666666666666666
560,12,15.0,2021-08-05 17:52:00,2021-08-08 19:03:00,47.0,8,3,15.666666666666666,3.4
561,12,16.0,2021-08-09 17:39:00,2021-08-29 23:31:00,68.0,8,20,3.4,2.225
562,12,17.0,2021-08-30 22:09:00,2021-09-20 19:18:00,44.5,8,20,2.225,4.761904761904762
563,12,19.0,2021-09-21 05:08:00,2021-10-12 11:31:00,100.0,9,21,4.761904761904762,14.333333333333334
564,12,20.0,2021-10-12 17:26:00,2021-10-19 11:16:00,86.0,10,6,14.333333333333334,6.25
565,12,21.0,2021-10-19 17:11:00,2021-11-03 14:42:00,87.5,10,14,6.25,3.5
566,12,22.0,2021-11-03 18:38:00,2021-11-23 12:59:00,66.5,11,19,3.5,1.9393939393939394
567,12,23.0,2021-11-23 17:55:00,2021-12-27 11:32:00,64.0,11,33,1.9393939393939394,3.125
568,12,24.0,2021-12-27 20:23:00,2022-01-28 22:19:00,100.0,12,32,3.125,3.090909090909091
569,12,25.0,2022-01-29 01:16:00,2022-02-20 23:44:00,68.0,1,22,3.090909090909091,9.0
570,12,26.0,2022-02-21 18:24:00,2022-03-04 03:33:00,90.0,2,10,9.0,2.7
571,12,27.0,2022-03-04 18:17:00,2022-03-25 13:23:00,54.0,3,20,2.7,3.475
572,12,28.0,2022-03-25 17:19:00,2022-04-15 01:41:00,69.5,3,20,3.475,7.6923076923076925
573,12,29.0,2022-04-15 15:26:00,2022-04-28 18:08:00,100.0,4,13,7.6923076923076925,3.314814814814815
574,12,30.0,2022-04-29 18:07:00,2022-05-27 15:53:00,89.5,4,27,3.314814814814815,3.75
575,12,31.0,2022-05-27 18:51:00,2022-06-13 14:35:00,60.0,5,16,3.75,9.090909090909092
576,12,32.0,2022-06-13 18:33:00,2022-06-25 12:54:00,100.0,6,11,9.090909090909092,16.0
577,12,33.0,2022-06-25 18:49:00,2022-07-01 15:54:00,80.0,6,5,16.0,4.653846153846154
578,12,34.0,2022-07-01 18:53:00,2022-07-14 20:14:00,60.5,7,13,4.653846153846154,3.55
579,12,35.0,2022-07-15 17:52:00,2022-08-04 23:26:00,71.0,7,20,3.55,6.416666666666667
580,12,36.0,2022-08-05 19:07:00,2022-08-12 15:46:00,38.5,8,6,6.416666666666667,6.3076923076923075
581,12,37.0,2022-08-13 10:27:00,2022-08-26 16:41:00,82.0,8,13,6.3076923076923075,2.3333333333333335
582,12,38.0,2022-08-26 17:41:00,2022-09-23 16:08:00,63.0,8,27,2.3333333333333335,5.0
583,12,39.0,2022-09-23 19:05:00,2022-10-13 19:18:00,100.0,9,20,5.0,2.0
584,12,40.0,2022-10-14 17:53:00,2022-10-26 17:03:00,22.0,10,11,2.0,2.606060606060606
586,12,42.0,2023-02-26 15:40:00,2023-03-31 17:17:00,86.0,2,33,2.606060606060606,5.882352941176471
587,12,43.0,2023-04-02 15:27:00,2023-04-19 17:34:00,100.0,4,17,5.882352941176471,3.0
589,12,45.0,2023-04-22 16:19:00,2023-05-16 14:40:00,69.0,4,23,3.0,7.142857142857143
590,12,46.0,2023-05-17 14:40:00,2023-05-31 18:57:00,100.0,5,14,7.142857142857143,3.9444444444444446
591,12,47.0,2023-06-01 17:02:00,2023-06-20 14:49:00,71.0,6,18,3.9444444444444446,2.0
592,12,48.0,2023-06-23 15:06:00,2023-08-12 16:16:00,100.0,6,50,2.0,13.0
593,12,50.0,2021-05-24 17:31:00,2021-05-30 02:39:00,65.0,5,5,13.0,3.5833333333333335
595,13,0.0,2021-02-25 15:52:00,2021-03-28 19:14:00,85.5,2,31,2.7580645161290325,11.11111111111111
596,13,2.0,2021-03-29 17:02:00,2021-04-07 23:05:00,100.0,3,9,11.11111111111111,26.333333333333332
597,13,3.0,2021-04-08 20:53:00,2021-04-12 02:12:00,79.0,4,3,26.333333333333332,3.4375
598,13,4.0,2021-04-12 16:04:00,2021-04-29 10:31:00,55.0,4,16,3.4375,3.25
599,13,5.0,2021-04-29 17:28:00,2021-05-20 14:57:00,65.0,4,20,3.25,3.017857142857143
600,13,6.0,2021-05-20 17:56:00,2021-06-18 11:25:00,84.5,5,28,3.017857142857143,8.181818181818182
601,13,7.0,2021-06-18 16:23:00,2021-06-30 14:53:00,90.0,6,11,8.181818181818182,42.5
602,13,8.0,2021-06-30 19:51:00,2021-07-02 22:28:00,85.0,6,2,42.5,6.25
603,13,9.0,2021-07-03 11:20:00,2021-07-20 08:38:00,100.0,7,16,6.25,8.333333333333334
604,13,10.0,2021-07-20 18:35:00,2021-08-02 11:59:00,100.0,7,12,8.333333333333334,6.333333333333333
605,13,11.0,2021-08-02 19:56:00,2021-08-09 13:52:00,38.0,8,6,6.333333333333333,9.333333333333334
606,13,12.0,2021-08-09 17:51:00,2021-08-16 14:20:00,56.0,8,6,9.333333333333334,5.444444444444445
607,13,13.0,2021-08-16 17:20:00,2021-08-25 21:23:00,49.0,8,9,5.444444444444445,4.25
610,13,16.0,2021-09-13 21:14:00,2021-10-04 11:06:00,85.0,9,20,4.25,4.363636363636363
611,13,17.0,2021-10-04 18:04:00,2021-10-16 11:54:00,48.0,10,11,4.363636363636363,8.0
612,13,18.0,2021-10-18 12:17:00,2021-10-26 12:35:00,64.0,10,8,8.0,4.0
613,13,19.0,2021-10-26 18:34:00,2021-11-16 14:06:00,80.0,10,20,4.0,34.0
614,13,20.0,2021-11-17 14:16:00,2021-11-20 11:07:00,68.0,11,2,34.0,1.9166666666666667
615,13,21.0,2021-11-21 10:14:00,2022-01-02 15:31:00,80.5,11,42,1.9166666666666667,9.875
616,13,23.0,2022-01-06 13:01:00,2022-01-14 13:26:00,79.0,1,8,9.875,3.0625
617,13,24.0,2022-01-15 13:35:00,2022-01-31 17:14:00,49.0,1,16,3.0625,9.333333333333334
618,13,25.0,2022-02-01 12:23:00,2022-02-07 13:38:00,56.0,2,6,9.333333333333334,2.769230769230769
619,13,26.0,2022-02-07 18:36:00,2022-02-21 15:43:00,36.0,2,13,2.769230769230769,7.6923076923076925
620,13,27.0,2022-02-21 17:43:00,2022-03-07 14:11:00,100.0,2,13,7.6923076923076925,4.647058823529412
621,13,28.0,2022-03-08 11:17:00,2022-03-25 14:55:00,79.0,3,17,4.647058823529412,4.5
622,13,29.0,2022-03-26 15:05:00,2022-04-15 15:06:00,90.0,3,20,4.5,7.6923076923076925
623,13,30.0,2022-04-15 18:09:00,2022-04-29 17:09:00,100.0,4,13,7.6923076923076925,6.222222222222222
624,13,31.0,2022-04-29 18:09:00,2022-05-09 17:15:00,56.0,4,9,6.222222222222222,4.705882352941177
625,13,32.0,2022-05-09 19:17:00,2022-05-27 16:04:00,80.0,5,17,4.705882352941177,6.666666666666667
626,13,33.0,2022-05-28 14:19:00,2022-06-13 12:35:00,100.0,5,15,6.666666666666667,15.2
627,13,34.0,2022-06-14 14:48:00,2022-06-20 13:48:00,76.0,6,5,15.2,5.8076923076923075
628,13,35.0,2022-06-20 18:47:00,2022-07-04 12:51:00,75.5,6,13,5.8076923076923075,2.82
629,13,36.0,2022-07-05 11:56:00,2022-07-30 19:44:00,70.5,7,25,2.82,68.5
630,13,37.0,2022-07-31 11:52:00,2022-08-01 12:42:00,68.5,7,1,68.5,14.75
631,13,38.0,2022-08-01 17:42:00,2022-08-08 12:57:00,88.5,8,6,14.75,11.7
632,13,39.0,2022-08-09 13:10:00,2022-08-14 15:15:00,58.5,8,5,11.7,4.388888888888889
633,13,40.0,2022-08-18 14:16:00,2022-09-05 17:45:00,79.0,8,18,4.388888888888889,3.6666666666666665
634,13,41.0,2022-09-07 16:12:00,2022-09-25 17:32:00,66.0,9,18,3.6666666666666665,15.0
635,13,42.0,2022-09-27 15:43:00,2022-10-01 17:40:00,60.0,9,4,15.0,1.0476190476190477
636,13,43.0,2022-11-05 14:14:00,2022-12-17 16:16:00,44.0,11,42,1.0476190476190477,50.0
637,13,44.0,2023-01-11 12:18:00,2023-01-13 14:49:00,100.0,1,2,50.0,3.4375
638,13,45.0,2023-01-15 13:12:00,2023-01-31 14:22:00,55.0,1,16,3.4375,3.526315789473684
639,13,46.0,2023-01-31 18:22:00,2023-02-20 17:56:00,67.0,1,19,3.526315789473684,7.0
640,13,47.0,2023-02-21 11:03:00,2023-03-03 15:31:00,70.0,2,10,7.0,3.0
641,13,48.0,2023-03-03 18:31:00,2023-03-21 17:47:00,51.0,3,17,3.0,3.7857142857142856
642,13,49.0,2023-03-21 19:47:00,2023-04-04 22:01:00,53.0,3,14,3.7857142857142856,7.611111111111111
643,13,50.0,2023-04-05 12:08:00,2023-04-14 17:26:00,68.5,4,9,7.611111111111111,5.0
644,13,51.0,2023-04-14 22:24:00,2023-05-05 16:24:00,100.0,4,20,5.0,2.8055555555555554
645,13,52.0,2023-05-05 18:25:00,2023-05-24 13:44:00,50.5,5,18,2.8055555555555554,4.5
646,13,53.0,2023-05-31 16:16:00,2023-06-18 13:51:00,76.5,5,17,4.5,9.142857142857142
647,13,54.0,2023-06-22 13:04:00,2023-06-30 12:02:00,64.0,6,7,9.142857142857142,4.764705882352941
648,13,55.0,2023-06-30 21:00:00,2023-07-18 18:48:00,81.0,6,17,4.764705882352941,8.333333333333334
649,13,56.0,2023-07-19 19:08:00,2023-08-01 15:08:00,100.0,7,12,8.333333333333334,5.0
650,13,57.0,2023-08-02 13:21:00,2023-08-22 15:11:00,100.0,8,20,5.0,11.285714285714286
651,13,58.0,2023-08-23 13:23:00,2023-08-30 15:39:00,79.0,8,7,11.285714285714286,10.571428571428571
652,13,59.0,2023-08-31 13:50:00,2023-09-07 15:40:00,74.0,8,7,10.571428571428571,3.4285714285714284
653,13,60.0,2023-09-07 19:44:00,2023-09-29 13:14:00,72.0,9,21,3.4285714285714284,7.458333333333333
654,13,62.0,2021-08-30 19:55:00,2021-09-12 10:13:00,89.5,8,12,7.458333333333333,62.0
657,13,65.0,2023-05-24 17:44:00,2023-05-26 14:48:00,62.0,5,1,62.0,68.0
658,13,66.0,2021-08-29 03:08:00,2021-08-30 16:56:00,68.0,8,1,68.0,2.5
659,13,67.0,2022-10-02 19:30:00,2022-11-02 13:35:00,75.0,10,30,2.5,29.5
661,14,0.0,2021-01-04 18:55:00,2021-01-09 14:46:00,62.0,1,4,15.5,5.366666666666666
662,14,1.0,2021-01-09 16:19:00,2021-01-25 01:05:00,80.5,1,15,5.366666666666666,8.75
663,14,2.0,2021-01-25 09:45:00,2021-02-03 05:00:00,70.0,1,8,8.75,2.236842105263158
664,14,3.0,2021-02-03 11:37:00,2021-02-22 18:07:00,42.5,2,19,2.236842105263158,2.3125
665,14,4.0,2021-02-23 13:27:00,2021-03-11 20:15:00,37.0,2,16,2.3125,4.416666666666667
666,14,5.0,2021-03-12 20:38:00,2021-03-25 01:59:00,53.0,3,12,4.416666666666667,4.269230769230769
667,14,6.0,2021-03-25 18:59:00,2021-04-08 18:30:00,55.5,3,13,4.269230769230769,3.588235294117647
668,14,7.0,2021-04-08 20:31:00,2021-04-26 19:18:00,61.0,4,17,3.588235294117647,8.333333333333334
669,14,8.0,2021-04-26 22:18:00,2021-05-06 03:51:00,75.0,4,9,8.333333333333334,3.1176470588235294
670,14,10.0,2021-05-06 17:53:00,2021-05-24 13:46:00,53.0,5,17,3.1176470588235294,8.444444444444445
671,14,11.0,2021-05-24 17:48:00,2021-06-02 19:27:00,76.0,5,9,8.444444444444445,7.4
672,14,12.0,2021-06-03 15:27:00,2021-06-13 17:58:00,74.0,6,10,7.4,17.375
673,14,13.0,2021-06-13 23:59:00,2021-06-18 08:20:00,69.5,6,4,17.375,4.821428571428571
674,14,14.0,2021-06-18 16:21:00,2021-07-03 08:07:00,67.5,6,14,4.821428571428571,5.333333333333333
675,14,15.0,2021-07-20 17:12:00,2021-08-02 12:18:00,64.0,7,12,5.333333333333333,2.0925925925925926
676,14,16.0,2021-08-02 20:20:00,2021-08-30 17:31:00,56.5,8,27,2.0925925925925926,4.125
677,14,19.0,2021-08-30 20:32:00,2021-09-16 18:35:00,66.0,8,16,4.125,12.75
678,14,20.0,2021-09-16 21:36:00,2021-09-23 11:37:00,76.5,9,6,12.75,11.166666666666666
679,14,21.0,2021-09-23 16:38:00,2021-09-30 04:23:00,67.0,9,6,11.166666666666666,11.125
680,14,22.0,2021-09-30 17:24:00,2021-10-08 19:12:00,89.0,9,8,11.125,3.5
681,14,23.0,2021-10-09 11:11:00,2021-10-25 20:16:00,56.0,10,16,3.5,8.428571428571429
682,14,24.0,2021-10-26 19:16:00,2021-11-03 10:21:00,59.0,10,7,8.428571428571429,20.0
683,14,25.0,2021-11-03 19:22:00,2021-11-09 12:55:00,100.0,11,5,20.0,4.923076923076923
684,14,26.0,2021-11-09 18:56:00,2021-11-23 14:03:00,64.0,11,13,4.923076923076923,2.9166666666666665
685,14,27.0,2021-11-23 20:03:00,2021-12-17 23:25:00,70.0,11,24,2.9166666666666665,6.888888888888889
686,14,28.0,2021-12-18 14:24:00,2021-12-27 18:51:00,62.0,12,9,6.888888888888889,6.625
687,14,29.0,2021-12-27 20:51:00,2022-01-05 10:51:00,53.0,12,8,6.625,18.875
688,14,30.0,2022-01-05 19:51:00,2022-01-10 14:00:00,75.5,1,4,18.875,5.882352941176471
689,14,31.0,2022-01-10 19:00:00,2022-01-28 00:50:00,100.0,1,17,5.882352941176471,6.423076923076923
690,14,32.0,2022-01-29 00:49:00,2022-02-11 15:49:00,83.5,1,13,6.423076923076923,6.25
691,14,33.0,2022-02-11 18:50:00,2022-02-28 12:53:00,100.0,2,16,6.25,7.25
692,14,34.0,2022-02-28 18:54:00,2022-03-11 01:46:00,72.5,2,10,7.25,4.6923076923076925
693,14,35.0,2022-03-11 18:46:00,2022-03-25 08:35:00,61.0,3,13,4.6923076923076925,36.0
694,14,36.0,2022-03-25 17:36:00,2022-03-28 12:42:00,72.0,3,2,36.0,14.4
695,14,37.0,2022-03-28 23:44:00,2022-04-03 18:13:00,72.0,3,5,14.4,33.333333333333336
696,14,38.0,2022-04-04 18:13:00,2022-04-07 23:40:00,100.0,4,3,33.333333333333336,16.666666666666668
697,14,39.0,2022-04-08 18:40:00,2022-04-15 13:02:00,100.0,4,6,16.666666666666668,9.416666666666666
698,14,40.0,2022-04-15 17:04:00,2022-04-22 16:24:00,56.5,4,6,9.416666666666666,50.0
699,14,41.0,2022-04-22 19:25:00,2022-04-25 17:30:00,100.0,4,2,50.0,14.333333333333334
700,14,42.0,2022-04-25 20:31:00,2022-05-02 17:35:00,86.0,4,6,14.333333333333334,10.25
701,14,43.0,2022-05-02 20:36:00,2022-05-09 03:42:00,61.5,5,6,10.25,6.95
702,14,44.0,2022-05-09 20:44:00,2022-05-20 11:54:00,69.5,5,10,6.95,12.333333333333334
703,14,45.0,2022-05-20 19:56:00,2022-05-27 12:48:00,74.0,5,6,12.333333333333334,81.0
704,14,46.0,2022-05-27 17:51:00,2022-05-29 12:55:00,81.0,5,1,81.0,16.6
705,14,47.0,2022-05-29 13:56:00,2022-06-03 14:32:00,83.0,5,5,16.6,9.916666666666666
707,14,49.0,2022-06-20 18:12:00,2022-06-27 15:38:00,59.5,6,6,9.916666666666666,33.333333333333336
708,14,50.0,2022-06-27 19:40:00,2022-07-01 18:38:00,100.0,6,3,33.333333333333336,6.6
709,14,51.0,2022-07-01 19:39:00,2022-07-12 06:20:00,66.0,7,10,6.6,16.4
710,14,52.0,2022-07-12 19:23:00,2022-07-18 16:53:00,82.0,7,5,16.4,15.0
711,14,53.0,2022-07-22 14:56:00,2022-07-28 16:31:00,90.0,7,6,15.0,5.85
712,14,54.0,2022-07-28 20:33:00,2022-08-08 01:59:00,58.5,7,10,5.85,4.705882352941177
713,14,55.0,2022-08-08 19:02:00,2022-08-26 15:35:00,80.0,8,17,4.705882352941177,7.6923076923076925
714,14,56.0,2022-08-26 17:36:00,2022-09-09 02:45:00,100.0,8,13,7.6923076923076925,4.8125
715,14,57.0,2022-09-10 00:47:00,2022-09-26 15:38:00,77.0,9,16,4.8125,10.0
716,14,58.0,2022-09-26 18:39:00,2022-10-07 00:12:00,100.0,9,10,10.0,5.777777777777778
717,14,59.0,2022-10-07 19:14:00,2022-10-17 15:41:00,52.0,10,9,5.777777777777778,2.5
718,14,60.0,2022-10-18 06:42:00,2022-11-01 11:35:00,35.0,10,14,2.5,7.75
719,14,61.0,2022-11-02 11:59:00,2022-11-10 20:28:00,62.0,11,8,7.75,3.8823529411764706
720,14,62.0,2022-11-11 17:28:00,2022-11-29 03:24:00,66.0,11,17,3.8823529411764706,3.4
721,14,63.0,2022-11-29 17:24:00,2022-12-20 17:20:00,68.0,11,20,3.4,7.222222222222222
722,14,64.0,2022-12-20 19:21:00,2022-12-30 02:15:00,65.0,12,9,7.222222222222222,4.0
723,14,65.0,2022-12-30 19:16:00,2023-01-20 15:11:00,80.0,12,20,4.0,3.3043478260869565
724,14,66.0,2023-01-20 19:12:00,2023-02-13 18:08:00,76.0,1,23,3.3043478260869565,43.0
725,14,67.0,2023-02-14 18:33:00,2023-02-16 19:58:00,86.0,2,2,43.0,5.882352941176471
726,14,68.0,2023-02-17 17:58:00,2023-03-07 08:48:00,100.0,2,17,5.882352941176471,31.0
727,14,69.0,2023-03-07 17:49:00,2023-03-10 14:18:00,62.0,3,2,31.0,7.0
728,14,70.0,2023-03-10 18:19:00,2023-03-20 19:11:00,70.0,3,10,7.0,3.923076923076923
729,14,71.0,2023-03-21 19:37:00,2023-04-04 04:34:00,51.0,3,13,3.923076923076923,10.055555555555555
730,14,72.0,2023-04-04 23:36:00,2023-04-14 11:55:00,90.5,4,9,10.055555555555555,6.888888888888889
731,14,73.0,2023-04-14 20:56:00,2023-04-24 18:08:00,62.0,4,9,6.888888888888889,4.153846153846154
732,14,74.0,2023-04-25 18:10:00,2023-05-09 07:42:00,54.0,4,13,4.153846153846154,5.615384615384615
733,14,75.0,2023-05-09 21:44:00,2023-05-23 13:57:00,73.0,5,13,5.615384615384615,3.0625
734,14,76.0,2023-05-23 17:59:00,2023-06-08 23:34:00,49.0,5,16,3.0625,7.681818181818182
735,14,77.0,2023-06-09 20:36:00,2023-06-21 11:16:00,84.5,6,11,7.681818181818182,5.555555555555555
736,14,78.0,2023-06-21 20:18:00,2023-07-10 08:29:00,100.0,6,18,5.555555555555555,80.0
737,14,79.0,2023-07-10 21:33:00,2023-07-12 13:02:00,80.0,7,1,80.0,4.425
738,14,80.0,2023-07-26 13:53:00,2023-08-16 10:24:00,88.5,7,20,4.425,7.6923076923076925
739,14,81.0,2023-08-16 19:27:00,2023-08-30 10:23:00,100.0,8,13,7.6923076923076925,10.214285714285714
740,14,82.0,2023-08-30 20:26:00,2023-09-07 16:11:00,71.5,8,7,10.214285714285714,16.666666666666668
741,14,83.0,2023-09-19 20:32:00,2023-09-26 14:03:00,100.0,9,6,16.666666666666668,6.25
742,14,85.0,2023-09-26 20:05:00,2023-10-13 16:24:00,100.0,9,16,6.25,4.84375
743,14,86.0,2021-07-03 13:08:00,2021-07-20 04:10:00,77.5,7,16,4.84375,35.0
744,14,87.0,2022-06-03 18:33:00,2022-06-06 16:04:00,70.0,6,2,35.0,17.3
745,14,88.0,2022-06-14 12:27:00,2022-06-20 10:10:00,86.5,6,5,17.3,26.666666666666668
746,14,89.0,2022-07-18 18:54:00,2022-07-22 11:54:00,80.0,7,3,26.666666666666668,6.045454545454546
748,14,91.0,2023-09-07 18:14:00,2023-09-19 09:30:00,66.5,9,11,6.045454545454546,12.5
749,14,92.0,2022-06-06 19:06:00,2022-06-13 13:21:00,75.0,6,6,12.5,6.541666666666667
751,15,0.0,2021-01-05 17:09:00,2021-01-22 00:08:00,51.0,1,16,3.1875,2.388888888888889
752,15,1.0,2021-01-22 16:59:00,2021-02-09 20:24:00,43.0,1,18,2.388888888888889,2.7
753,15,2.0,2021-02-10 17:14:00,2021-03-08 15:32:00,67.5,2,25,2.7,10.0
754,15,3.0,2021-03-08 23:28:00,2021-03-18 17:48:00,90.0,3,9,10.0,7.0
755,15,4.0,2021-03-18 18:47:00,2021-03-28 21:27:00,70.0,3,10,7.0,3.85
756,15,5.0,2021-03-29 17:57:00,2021-04-18 21:55:00,77.0,3,20,3.85,7.75
757,15,6.0,2021-04-19 21:44:00,2021-04-28 21:43:00,62.0,4,8,7.75,5.882352941176471
758,15,7.0,2021-04-29 17:13:00,2021-05-16 22:17:00,100.0,4,17,5.882352941176471,3.1875
759,15,8.0,2021-05-17 20:44:00,2021-06-02 20:54:00,51.0,5,16,3.1875,7.818181818181818
760,15,9.0,2021-06-03 15:25:00,2021-06-15 10:27:00,86.0,6,11,7.818181818181818,4.214285714285714
761,15,10.0,2021-06-15 20:17:00,2021-06-29 21:12:00,59.0,6,14,4.214285714285714,6.666666666666667
762,15,11.0,2021-06-30 16:43:00,2021-07-12 20:48:00,80.0,6,12,6.666666666666667,8.833333333333334
763,15,12.0,2021-07-13 19:16:00,2021-07-20 08:15:00,53.0,7,6,8.833333333333334,4.833333333333333
764,15,13.0,2021-07-20 18:03:00,2021-08-02 10:56:00,58.0,7,12,4.833333333333333,3.5
765,15,14.0,2021-08-02 18:47:00,2021-08-13 10:56:00,35.0,8,10,3.5,35.0
766,15,15.0,2021-08-14 10:47:00,2021-08-16 10:28:00,35.0,8,1,35.0,5.0
767,15,16.0,2021-08-16 23:15:00,2021-08-30 11:34:00,65.0,8,13,5.0,2.0441176470588234
768,15,17.0,2021-08-30 22:21:00,2021-10-04 11:50:00,69.5,8,34,2.0441176470588234,3.9411764705882355
769,15,18.0,2021-10-04 21:51:00,2021-10-22 12:19:00,67.0,10,17,3.9411764705882355,1.4523809523809523
770,15,19.0,2021-10-23 11:44:00,2021-11-13 11:50:00,30.5,10,21,1.4523809523809523,3.46875
771,15,20.0,2021-11-14 11:38:00,2021-11-30 14:17:00,55.5,11,16,3.46875,56.0
772,15,21.0,2021-12-12 15:47:00,2021-12-14 15:35:00,56.0,12,1,56.0,6.033333333333333
773,15,22.0,2021-12-21 12:49:00,2022-01-05 13:53:00,90.5,12,15,6.033333333333333,2.840909090909091
774,15,23.0,2022-01-06 11:46:00,2022-01-28 14:40:00,62.5,1,22,2.840909090909091,1.646341463414634
775,15,24.0,2022-01-29 12:34:00,2022-03-11 15:00:00,67.5,1,41,1.646341463414634,2.6029411764705883
776,15,25.0,2022-03-11 16:58:00,2022-04-15 01:23:00,88.5,3,34,2.6029411764705883,3.7037037037037037
777,15,26.0,2022-04-15 16:02:00,2022-05-13 12:28:00,100.0,4,27,3.7037037037037037,3.391304347826087
778,15,27.0,2022-05-13 18:23:00,2022-06-06 16:33:00,78.0,5,23,3.391304347826087,3.888888888888889
779,15,28.0,2022-06-06 18:32:00,2022-06-24 18:35:00,70.0,6,18,3.888888888888889,4.2105263157894735
780,15,29.0,2022-06-26 14:19:00,2022-07-15 14:46:00,80.0,6,19,4.2105263157894735,1.8518518518518519
781,15,30.0,2022-07-16 14:38:00,2022-08-12 16:11:00,50.0,7,27,1.8518518518518519,1.4722222222222223
782,15,31.0,2022-08-13 12:06:00,2022-09-18 15:54:00,53.0,8,36,1.4722222222222223,1.5
783,15,32.0,2022-09-20 13:43:00,2022-11-05 14:01:00,69.0,9,46,1.5,3.1
784,15,33.0,2022-11-12 14:17:00,2022-11-17 15:44:00,15.5,11,5,3.1,51.0
786,15,35.0,2023-01-12 12:51:00,2023-01-13 15:34:00,51.0,1,1,51.0,3.6052631578947367
787,15,36.0,2023-01-21 15:03:00,2023-02-09 15:28:00,68.5,1,19,3.6052631578947367,2.1538461538461537
788,15,37.0,2023-02-11 15:44:00,2023-03-10 13:08:00,56.0,2,26,2.1538461538461537,3.04
789,15,38.0,2023-03-12 15:52:00,2023-04-07 15:45:00,76.0,3,25,3.04,9.090909090909092
790,15,39.0,2023-04-07 20:40:00,2023-04-19 17:04:00,100.0,4,11,9.090909090909092,3.4615384615384617
791,15,40.0,2023-04-19 20:01:00,2023-05-16 15:11:00,90.0,4,26,3.4615384615384617,4.214285714285714
792,15,41.0,2023-05-16 18:08:00,2023-05-31 13:49:00,59.0,5,14,4.214285714285714,3.225
793,15,42.0,2023-06-01 13:35:00,2023-06-21 15:38:00,64.5,6,20,3.225,4.625
794,15,43.0,2023-06-22 15:33:00,2023-06-30 16:58:00,37.0,6,8,4.625,4.470588235294118
795,15,44.0,2023-07-01 12:52:00,2023-07-18 15:19:00,76.0,7,17,4.470588235294118,4.761904761904762
796,15,45.0,2023-07-19 16:11:00,2023-08-09 16:45:00,100.0,7,21,4.761904761904762,5.882352941176471
797,15,46.0,2023-08-11 13:38:00,2023-08-28 17:35:00,100.0,8,17,5.882352941176471,3.8461538461538463
798,15,47.0,2023-08-31 13:26:00,2023-09-26 16:04:00,100.0,8,26,3.8461538461538463,27.0
800,16,0.0,2021-03-09 12:04:00,2021-03-11 13:35:00,73.5,3,2,36.75,5.6923076923076925
801,16,1.0,2021-03-11 22:43:00,2021-03-25 03:09:00,74.0,3,13,5.6923076923076925,6.7
802,16,2.0,2021-03-25 16:21:00,2021-04-05 13:59:00,67.0,3,10,6.7,2.925
803,16,3.0,2021-04-06 01:10:00,2021-04-26 10:55:00,58.5,4,20,2.925,5.666666666666667
804,16,4.0,2021-04-26 18:02:00,2021-05-03 15:38:00,34.0,4,6,5.666666666666667,5.882352941176471
805,16,5.0,2021-05-03 16:40:00,2021-05-20 16:51:00,100.0,5,17,5.882352941176471,3.1
806,16,6.0,2021-05-20 19:55:00,2021-06-15 18:29:00,77.5,5,25,3.1,2.409090909090909
807,16,7.0,2021-06-15 23:34:00,2021-07-08 06:21:00,53.0,6,22,2.409090909090909,2.225
808,16,8.0,2021-07-08 23:38:00,2021-07-29 19:01:00,44.5,7,20,2.225,11.2
809,16,9.0,2021-07-30 04:09:00,2021-08-04 15:14:00,56.0,7,5,11.2,22.375
810,16,10.0,2021-08-04 18:17:00,2021-08-09 15:12:00,89.5,8,4,22.375,6.818181818181818
811,16,11.0,2021-08-09 22:19:00,2021-08-21 02:26:00,75.0,8,11,6.818181818181818,4.0
812,16,12.0,2021-08-21 16:41:00,2021-09-03 18:07:00,52.0,8,13,4.0,2.3676470588235294
813,16,13.0,2021-09-04 15:28:00,2021-10-09 03:20:00,80.5,9,34,2.3676470588235294,1.2439024390243902
814,16,14.0,2021-10-09 09:25:00,2021-11-20 08:23:00,51.0,10,41,1.2439024390243902,2.1
815,16,15.0,2021-11-20 23:35:00,2021-11-26 14:00:00,10.5,11,5,2.1,1.9230769230769231
816,16,16.0,2021-11-27 14:43:00,2021-12-24 14:11:00,50.0,11,26,1.9230769230769231,4.25
817,16,17.0,2021-12-24 16:13:00,2022-01-05 23:26:00,51.0,12,12,4.25,3.3333333333333335
818,16,18.0,2022-01-06 00:27:00,2022-01-21 12:11:00,50.0,1,15,3.3333333333333335,2.239130434782609
819,16,19.0,2022-01-21 19:18:00,2022-02-14 09:31:00,51.5,1,23,2.239130434782609,1.6222222222222222
820,16,20.0,2022-02-15 01:45:00,2022-04-01 03:52:00,73.0,2,45,1.6222222222222222,2.6842105263157894
821,16,21.0,2022-04-02 00:09:00,2022-04-21 22:08:00,51.0,4,19,2.6842105263157894,3.7037037037037037
822,16,22.0,2022-04-22 22:52:00,2022-05-20 16:44:00,100.0,4,27,3.7037037037037037,1.4285714285714286
823,16,23.0,2022-05-20 20:49:00,2022-06-25 05:11:00,50.0,5,35,1.4285714285714286,2.973684210526316
824,16,24.0,2022-06-25 20:27:00,2022-07-15 20:01:00,56.5,6,19,2.973684210526316,3.0
825,16,25.0,2022-07-16 01:06:00,2022-08-08 13:36:00,69.0,7,23,3.0,3.25
826,16,26.0,2022-08-08 18:43:00,2022-08-29 18:33:00,65.0,8,20,3.25,3.0208333333333335
827,16,27.0,2022-08-30 00:39:00,2022-09-23 17:25:00,72.5,8,24,3.0208333333333335,3.875
828,16,28.0,2022-09-23 22:30:00,2022-10-10 07:08:00,62.0,9,16,3.875,1.6774193548387097
829,16,29.0,2022-10-10 19:19:00,2022-11-11 10:04:00,52.0,10,31,1.6774193548387097,1.8709677419354838
830,16,30.0,2022-11-11 22:15:00,2022-12-13 11:37:00,58.0,11,31,1.8709677419354838,5.6923076923076925
831,16,31.0,2022-12-13 22:46:00,2022-12-27 12:42:00,74.0,12,13,5.6923076923076925,0.9411764705882353
832,16,32.0,2022-12-27 23:53:00,2023-02-17 14:43:00,48.0,12,51,0.9411764705882353,1.8958333333333333
833,16,33.0,2023-02-17 23:51:00,2023-03-14 16:15:00,45.5,2,24,1.8958333333333333,2.3333333333333335
834,16,34.0,2023-03-15 09:29:00,2023-04-11 12:53:00,63.0,3,27,2.3333333333333335,2.65
835,16,35.0,2023-04-11 17:58:00,2023-05-02 09:37:00,53.0,4,20,2.65,2.076923076923077
836,16,36.0,2023-05-03 01:54:00,2023-05-29 09:12:00,54.0,5,26,2.076923076923077,2.1041666666666665
837,16,37.0,2023-05-30 12:54:00,2023-06-23 18:31:00,50.5,5,24,2.1041666666666665,2.1363636363636362
838,16,38.0,2023-06-24 12:50:00,2023-07-27 16:59:00,70.5,6,33,2.1363636363636362,5.176470588235294
839,16,39.0,2023-07-29 14:32:00,2023-08-16 14:04:00,88.0,7,17,5.176470588235294,1.3888888888888888
841,17,0.0,2021-01-22 17:05:00,2021-02-15 00:01:00,45.0,1,23,1.9565217391304348,2.5303030303030303
844,17,3.0,2021-04-05 20:23:00,2021-05-09 19:37:00,83.5,4,33,2.5303030303030303,1.4705882352941178
845,17,4.0,2021-05-10 15:46:00,2021-06-30 17:46:00,75.0,5,51,1.4705882352941178,12.6
846,17,5.0,2021-06-30 22:49:00,2021-07-06 09:55:00,63.0,6,5,12.6,4.055555555555555
847,17,7.0,2021-09-01 18:07:00,2021-09-19 22:35:00,73.0,9,18,4.055555555555555,3.25
848,17,8.0,2021-09-20 22:48:00,2021-10-15 18:55:00,78.0,9,24,3.25,2.1739130434782608
849,17,9.0,2021-10-16 19:31:00,2021-11-09 11:42:00,50.0,10,23,2.1739130434782608,1.3703703703703705
850,17,10.0,2021-11-09 18:46:00,2021-12-07 06:29:00,37.0,11,27,1.3703703703703705,1.75
851,17,11.0,2021-12-07 20:35:00,2022-01-17 14:01:00,70.0,12,40,1.75,2.4791666666666665
852,17,12.0,2022-01-17 19:04:00,2022-02-11 14:08:00,59.5,1,24,2.4791666666666665,6.384615384615385
853,17,13.0,2022-02-11 18:11:00,2022-02-25 12:04:00,83.0,2,13,6.384615384615385,1.5405405405405406
854,17,14.0,2022-02-25 18:08:00,2022-04-03 19:08:00,57.0,2,37,1.5405405405405406,3.0
855,17,15.0,2022-04-04 18:20:00,2022-04-22 09:47:00,51.0,4,17,3.0,2.433333333333333
856,17,16.0,2022-04-22 18:52:00,2022-05-23 07:47:00,73.0,4,30,2.433333333333333,3.2941176470588234
857,17,17.0,2022-05-23 19:54:00,2022-06-09 22:46:00,56.0,5,17,3.2941176470588234,2.2058823529411766
858,17,18.0,2022-06-10 17:58:00,2022-07-15 01:03:00,75.0,6,34,2.2058823529411766,1.3783783783783783
859,17,19.0,2022-07-15 18:14:00,2022-08-22 05:56:00,51.0,7,37,1.3783783783783783,1.694915254237288
860,17,20.0,2022-08-22 19:05:00,2022-10-21 03:15:00,100.0,8,59,1.694915254237288,0.7708333333333334
861,17,21.0,2022-10-21 22:24:00,2022-12-09 11:56:00,37.0,10,48,0.7708333333333334,3.789473684210526
862,17,22.0,2022-12-10 12:32:00,2022-12-30 01:42:00,72.0,12,19,3.789473684210526,1.7560975609756098
863,17,23.0,2022-12-30 20:51:00,2023-02-10 10:56:00,72.0,12,41,1.7560975609756098,1.1458333333333333
864,17,24.0,2023-02-10 19:00:00,2023-03-31 12:29:00,55.0,2,48,1.1458333333333333,2.25
865,17,25.0,2023-03-31 23:36:00,2023-04-25 14:09:00,54.0,3,24,2.25,6.8076923076923075
866,17,26.0,2023-04-25 22:15:00,2023-05-09 17:33:00,88.5,4,13,6.8076923076923075,1.5666666666666667
867,17,27.0,2023-05-09 21:36:00,2023-06-09 17:38:00,47.0,5,30,1.5666666666666667,1.4342105263157894
868,17,28.0,2023-06-09 19:40:00,2023-07-18 14:44:00,54.5,6,38,1.4342105263157894,5.3076923076923075
869,17,29.0,2023-07-18 20:49:00,2023-08-01 11:16:00,69.0,7,13,5.3076923076923075,2.6538461538461537
870,17,30.0,2023-08-01 19:22:00,2023-08-28 10:33:00,69.0,8,26,2.6538461538461537,1.8181818181818181
871,17,31.0,2023-08-28 21:41:00,2023-10-23 02:28:00,100.0,8,55,1.8181818181818181,5.928571428571429
872,17,32.0,2021-02-15 12:25:00,2021-02-22 14:14:00,41.5,2,7,5.928571428571429,1.7857142857142858
873,17,33.0,2021-07-06 11:57:00,2021-09-01 10:02:00,100.0,7,56,1.7857142857142858,1.6904761904761905
875,18,0.0,2021-01-05 17:57:00,2021-01-21 20:51:00,75.5,1,16,4.71875,3.5833333333333335
876,18,1.0,2021-01-22 22:03:00,2021-02-04 06:19:00,43.0,1,12,3.5833333333333335,1.7755102040816326
877,18,2.0,2021-02-04 18:10:00,2021-03-25 18:52:00,87.0,2,49,1.7755102040816326,3.0294117647058822
878,18,3.0,2021-03-25 19:54:00,2021-04-12 09:59:00,51.5,3,17,3.0294117647058822,4.916666666666667
879,18,4.0,2021-04-12 18:05:00,2021-04-19 17:36:00,29.5,4,6,4.916666666666667,4.4
880,18,5.0,2021-04-20 17:51:00,2021-05-06 12:11:00,66.0,4,15,4.4,3.2
881,18,6.0,2021-05-06 18:16:00,2021-05-17 15:49:00,32.0,5,10,3.2,26.5
882,18,7.0,2021-05-17 20:53:00,2021-05-20 15:03:00,53.0,5,2,26.5,1.329268292682927
883,18,8.0,2021-05-20 18:06:00,2021-07-01 08:42:00,54.5,5,41,1.329268292682927,58.0
884,18,9.0,2021-07-01 19:52:00,2021-07-03 10:45:00,58.0,7,1,58.0,3.3333333333333335
885,18,10.0,2021-07-03 11:47:00,2021-08-02 18:22:00,100.0,7,30,3.3333333333333335,35.5
886,18,11.0,2021-08-02 20:24:00,2021-08-05 13:35:00,71.0,8,2,35.5,3.0277777777777777
887,18,12.0,2021-08-05 19:40:00,2021-08-24 16:07:00,54.5,8,18,3.0277777777777777,2.2586206896551726
888,18,13.0,2021-08-24 18:09:00,2021-09-23 08:28:00,65.5,8,29,2.2586206896551726,2.2586206896551726
889,18,14.0,2021-09-23 17:36:00,2021-10-23 08:11:00,65.5,9,29,2.2586206896551726,33.333333333333336
890,18,15.0,2021-10-23 11:14:00,2021-10-26 16:32:00,100.0,10,3,33.333333333333336,4.382352941176471
891,18,16.0,2021-10-26 18:34:00,2021-11-13 03:10:00,74.5,10,17,4.382352941176471,4.3478260869565215
892,18,17.0,2021-11-13 14:17:00,2021-12-07 08:08:00,100.0,11,23,4.3478260869565215,2.303030303030303
893,18,18.0,2021-12-07 20:17:00,2022-01-09 23:28:00,76.0,12,33,2.303030303030303,8.666666666666666
894,18,19.0,2022-01-10 20:42:00,2022-01-17 11:46:00,52.0,1,6,8.666666666666666,2.4074074074074074
895,18,20.0,2022-01-17 20:52:00,2022-02-14 12:23:00,65.0,1,27,2.4074074074074074,2.6875
896,18,21.0,2022-02-14 19:28:00,2022-03-10 20:43:00,64.5,2,24,2.6875,2.5
897,18,22.0,2022-03-11 17:57:00,2022-04-08 16:08:00,67.5,3,27,2.5,3.576923076923077
898,18,23.0,2022-04-08 18:10:00,2022-04-22 15:23:00,46.5,4,13,3.576923076923077,6.25
899,18,24.0,2022-04-22 19:26:00,2022-05-08 21:49:00,100.0,4,16,6.25,3.5384615384615383
900,18,25.0,2022-05-09 20:06:00,2022-05-23 16:45:00,46.0,5,13,3.5384615384615383,2.9074074074074074
901,18,26.0,2022-05-23 19:48:00,2022-06-20 10:54:00,78.5,5,27,2.9074074074074074,4.647058823529412
902,18,27.0,2022-06-20 19:01:00,2022-07-08 03:50:00,79.0,6,17,4.647058823529412,1.527027027027027
903,18,28.0,2022-07-08 18:03:00,2022-08-15 15:58:00,56.5,7,37,1.527027027027027,33.5
904,18,29.0,2022-08-15 19:02:00,2022-08-18 18:44:00,67.0,8,2,33.5,5.555555555555555
905,18,30.0,2022-08-19 19:04:00,2022-08-29 12:38:00,50.0,8,9,5.555555555555555,20.5
906,18,31.0,2022-09-12 08:25:00,2022-09-16 13:06:00,82.0,9,4,20.5,3.8461538461538463
907,18,32.0,2022-09-16 18:12:00,2022-10-13 16:52:00,100.0,9,26,3.8461538461538463,1.8518518518518519
908,18,33.0,2022-10-14 17:34:00,2022-11-11 12:44:00,50.0,10,27,1.8518518518518519,2.2058823529411766
909,18,34.0,2022-11-11 17:48:00,2022-12-16 13:23:00,75.0,11,34,2.2058823529411766,5.7
910,18,35.0,2022-12-17 01:31:00,2022-12-27 22:38:00,57.0,12,10,5.7,2.2432432432432434
911,18,36.0,2023-01-03 19:17:00,2023-02-10 09:04:00,83.0,1,37,2.2432432432432434,3.4791666666666665
912,18,37.0,2023-02-10 20:12:00,2023-03-07 12:49:00,83.5,2,24,3.4791666666666665,2.3076923076923075
913,18,38.0,2023-03-07 17:53:00,2023-03-21 14:33:00,30.0,3,13,2.3076923076923075,5.833333333333333
914,18,39.0,2023-03-21 20:38:00,2023-03-27 20:56:00,35.0,3,6,5.833333333333333,2.380952380952381
915,18,40.0,2023-03-28 20:13:00,2023-04-19 16:10:00,50.0,3,21,2.380952380952381,19.0
916,18,41.0,2023-04-19 20:13:00,2023-04-24 18:50:00,76.0,4,4,19.0,6.25
917,18,42.0,2023-04-25 17:06:00,2023-05-12 15:49:00,100.0,4,16,6.25,3.15
918,18,43.0,2023-05-12 18:52:00,2023-06-02 07:02:00,63.0,5,20,3.15,2.925925925925926
919,18,44.0,2023-06-02 18:11:00,2023-06-30 08:03:00,79.0,6,27,2.925925925925926,17.1
920,18,45.0,2023-06-30 21:15:00,2023-07-06 14:16:00,85.5,6,5,17.1,5.555555555555555
921,18,46.0,2023-07-06 19:21:00,2023-07-25 06:38:00,100.0,7,18,5.555555555555555,2.303030303030303
922,18,47.0,2023-07-25 20:49:00,2023-08-28 13:25:00,76.0,7,33,2.303030303030303,6.666666666666667
923,18,48.0,2023-08-28 21:31:00,2023-09-13 00:02:00,100.0,8,15,6.666666666666667,17.9
924,18,49.0,2023-09-13 20:17:00,2023-09-19 17:52:00,89.5,9,5,17.9,5.2631578947368425
925,18,50.0,2023-09-19 20:55:00,2023-10-09 02:34:00,100.0,9,19,5.2631578947368425,7.6923076923076925
926,18,51.0,2023-10-09 19:48:00,2023-10-23 15:09:00,100.0,10,13,7.6923076923076925,4.625
927,18,52.0,2022-08-29 15:42:00,2022-09-11 15:13:00,55.5,8,12,4.625,13.8
930,19,1.0,2021-01-12 07:03:00,2021-01-19 00:10:00,36.5,1,6,6.083333333333333,2.0
931,19,2.0,2021-01-19 07:04:00,2021-02-10 16:11:00,44.0,1,22,2.0,2.3333333333333335
932,19,3.0,2021-02-10 19:09:00,2021-03-01 13:39:00,42.0,2,18,2.3333333333333335,0.8428571428571429
933,19,4.0,2021-03-01 21:04:00,2021-04-05 21:35:00,29.5,3,35,0.8428571428571429,3.9615384615384617
934,19,5.0,2021-04-05 22:34:00,2021-04-19 14:00:00,51.5,4,13,3.9615384615384617,5.769230769230769
935,19,6.0,2021-04-19 19:50:00,2021-05-03 17:16:00,75.0,4,13,5.769230769230769,2.925925925925926
936,19,7.0,2021-05-03 18:15:00,2021-05-31 15:59:00,79.0,5,27,2.925925925925926,16.25
937,19,8.0,2021-05-31 21:49:00,2021-06-05 16:37:00,65.0,5,4,16.25,3.0
938,19,9.0,2021-06-07 18:05:00,2021-07-02 11:28:00,72.0,6,24,3.0,7.4
939,19,10.0,2021-07-03 06:52:00,2021-07-13 09:30:00,74.0,7,10,7.4,12.75
940,19,11.0,2021-07-13 19:13:00,2021-07-20 17:56:00,76.5,7,6,12.75,38.0
941,19,12.0,2021-08-02 23:20:00,2021-08-04 08:42:00,38.0,8,1,38.0,19.25
942,19,13.0,2021-08-05 01:11:00,2021-08-09 17:20:00,77.0,8,4,19.25,34.0
943,19,14.0,2021-08-09 20:15:00,2021-08-12 08:23:00,68.0,8,2,34.0,2.0555555555555554
944,19,15.0,2021-08-12 21:01:00,2021-09-09 02:35:00,55.5,8,27,2.0555555555555554,21.25
945,19,16.0,2021-09-30 20:14:00,2021-10-05 14:59:00,85.0,9,4,21.25,6.9
946,19,17.0,2021-10-05 19:51:00,2021-10-16 14:07:00,69.0,10,10,6.9,4.153846153846154
947,19,18.0,2021-10-16 18:58:00,2021-10-29 21:39:00,54.0,10,13,4.153846153846154,8.928571428571429
948,19,19.0,2021-10-30 10:15:00,2021-11-06 18:33:00,62.5,10,7,8.928571428571429,2.3461538461538463
949,19,20.0,2021-11-06 22:26:00,2021-12-03 13:31:00,61.0,11,26,2.3461538461538463,24.5
950,19,21.0,2021-12-04 08:52:00,2021-12-07 22:52:00,73.5,12,3,24.5,3.8157894736842106
951,19,22.0,2021-12-08 00:49:00,2021-12-27 09:43:00,72.5,12,19,3.8157894736842106,3.4705882352941178
952,19,23.0,2021-12-27 20:23:00,2022-01-14 16:23:00,59.0,12,17,3.4705882352941178,4.0
953,19,24.0,2022-01-14 21:14:00,2022-01-31 03:00:00,64.0,1,16,4.0,2.6176470588235294
954,19,25.0,2022-01-31 20:26:00,2022-03-07 17:15:00,89.0,1,34,2.6176470588235294,2.7222222222222223
955,19,26.0,2022-03-07 20:10:00,2022-04-04 13:10:00,73.5,3,27,2.7222222222222223,33.333333333333336
956,19,27.0,2022-04-04 21:54:00,2022-04-08 12:52:00,100.0,4,3,33.333333333333336,2.0
957,19,28.0,2022-04-08 19:40:00,2022-05-13 04:48:00,68.0,4,34,2.0,1.3061224489795917
958,19,29.0,2022-05-13 18:24:00,2022-07-01 18:24:00,64.0,5,49,1.3061224489795917,2.8833333333333333
959,19,30.0,2022-07-01 21:19:00,2022-08-01 12:50:00,86.5,7,30,2.8833333333333333,3.9285714285714284
960,19,31.0,2022-08-01 17:44:00,2022-08-15 19:28:00,55.0,8,14,3.9285714285714284,1.4222222222222223
961,19,32.0,2022-08-15 21:25:00,2022-09-30 04:52:00,64.0,8,45,1.4222222222222223,16.666666666666668
962,19,33.0,2022-09-30 19:25:00,2022-10-07 01:39:00,100.0,9,6,16.666666666666668,5.882352941176471
963,19,34.0,2022-10-07 23:00:00,2022-10-25 08:09:00,100.0,10,17,5.882352941176471,2.125
964,19,35.0,2022-10-25 19:47:00,2022-11-11 17:38:00,34.0,10,16,2.125,6.125
965,19,36.0,2022-11-12 17:16:00,2022-11-25 11:31:00,73.5,11,12,6.125,4.475
966,19,37.0,2022-11-25 21:13:00,2022-12-16 10:03:00,89.5,11,20,4.475,5.882352941176471
967,19,38.0,2022-12-17 01:35:00,2023-01-03 09:40:00,100.0,12,17,5.882352941176471,4.384615384615385
968,19,39.0,2023-01-04 09:18:00,2023-01-17 15:25:00,57.0,1,13,4.384615384615385,2.9310344827586206
969,19,40.0,2023-01-18 22:27:00,2023-02-17 10:01:00,85.0,1,29,2.9310344827586206,1.3658536585365855
970,19,41.0,2023-02-17 23:36:00,2023-03-31 09:58:00,56.0,2,41,1.3658536585365855,3.3461538461538463
971,19,42.0,2023-03-31 22:34:00,2023-04-14 18:00:00,43.5,3,13,3.3461538461538463,7.045454545454546
972,19,43.0,2023-05-08 07:09:00,2023-05-19 12:05:00,77.5,5,11,7.045454545454546,5.653846153846154
973,19,44.0,2023-05-19 18:54:00,2023-06-02 16:43:00,73.5,5,13,5.653846153846154,4.3478260869565215
974,19,45.0,2023-06-02 18:40:00,2023-06-26 11:38:00,100.0,6,23,4.3478260869565215,14.285714285714286
975,19,46.0,2023-06-27 11:19:00,2023-07-04 15:01:00,100.0,6,7,14.285714285714286,4.766666666666667
976,19,47.0,2023-07-04 18:55:00,2023-07-20 14:07:00,71.5,7,15,4.766666666666667,36.0
977,19,48.0,2023-07-21 13:42:00,2023-07-23 14:01:00,72.0,7,2,36.0,39.5
978,19,49.0,2023-07-24 12:35:00,2023-07-26 12:48:00,79.0,7,2,39.5,9.090909090909092
979,19,50.0,2023-07-27 13:22:00,2023-08-08 12:07:00,100.0,7,11,9.090909090909092,5.733333333333333
980,19,51.0,2023-08-09 11:45:00,2023-08-24 15:48:00,86.0,8,15,5.733333333333333,2.5384615384615383
981,19,52.0,2023-08-25 11:27:00,2023-09-20 16:55:00,66.0,8,26,2.5384615384615383,2.210526315789474
982,19,53.0,2023-09-22 14:21:00,2023-10-12 13:56:00,42.0,9,19,2.210526315789474,54.0
984,19,55.0,2021-06-06 15:52:00,2021-06-07 17:06:00,54.0,6,1,54.0,6.791666666666667
985,19,56.0,2021-07-20 19:53:00,2021-08-02 08:47:00,81.5,7,12,6.791666666666667,3.925
986,19,57.0,2021-09-09 21:00:00,2021-09-29 22:54:00,78.5,9,20,3.925,3.2954545454545454
988,19,59.0,2023-04-14 19:57:00,2023-05-07 17:32:00,72.5,4,22,3.2954545454545454,15.4
990,20,0.0,2021-01-05 19:12:00,2021-01-11 20:31:00,46.0,1,6,7.666666666666667,14.333333333333334
991,20,1.0,2021-01-15 14:34:00,2021-01-18 18:42:00,43.0,1,3,14.333333333333334,12.833333333333334
992,20,2.0,2021-01-19 07:42:00,2021-01-25 22:17:00,77.0,1,6,12.833333333333334,6.333333333333333
993,20,3.0,2021-01-26 18:52:00,2021-02-01 22:43:00,38.0,1,6,6.333333333333333,8.0
994,20,4.0,2021-02-03 00:19:00,2021-02-10 16:27:00,56.0,2,7,8.0,5.428571428571429
995,20,5.0,2021-02-11 00:03:00,2021-02-18 00:34:00,38.0,2,7,5.428571428571429,8.5
996,20,6.0,2021-02-18 23:07:00,2021-02-25 09:48:00,51.0,2,6,8.5,13.5
997,20,7.0,2021-02-25 22:21:00,2021-03-04 17:51:00,81.0,2,6,13.5,10.0
998,20,8.0,2021-03-04 20:53:00,2021-03-15 09:03:00,100.0,3,10,10.0,7.416666666666667
999,20,9.0,2021-03-15 20:53:00,2021-03-22 13:14:00,44.5,3,6,7.416666666666667,7.6923076923076925
1000,20,10.0,2021-03-23 07:56:00,2021-04-05 16:16:00,100.0,3,13,7.6923076923076925,6.25
1001,20,11.0,2021-04-05 21:12:00,2021-04-21 23:54:00,100.0,4,16,6.25,8.333333333333334
1002,20,12.0,2021-04-22 20:36:00,2021-04-29 04:40:00,50.0,4,6,8.333333333333334,31.0
1003,20,13.0,2021-04-29 18:28:00,2021-05-02 05:39:00,62.0,4,2,31.0,16.666666666666668
1004,20,14.0,2021-05-03 18:22:00,2021-05-10 08:56:00,100.0,5,6,16.666666666666668,5.730769230769231
1005,20,15.0,2021-05-10 17:49:00,2021-05-24 12:30:00,74.5,5,13,5.730769230769231,8.0
1006,20,16.0,2021-05-24 17:26:00,2021-06-02 16:39:00,64.0,5,8,8.0,14.285714285714286
1007,20,17.0,2021-06-03 16:42:00,2021-06-10 19:58:00,100.0,6,7,14.285714285714286,10.0
1008,20,18.0,2021-06-10 23:57:00,2021-06-21 00:00:00,100.0,6,10,10.0,16.666666666666668
1009,20,19.0,2021-06-21 21:41:00,2021-06-28 01:34:00,100.0,6,6,16.666666666666668,16.875
1010,20,20.0,2021-06-28 21:17:00,2021-07-03 04:24:00,67.5,6,4,16.875,9.0
1011,20,21.0,2021-07-03 07:23:00,2021-07-13 09:21:00,90.0,7,10,9.0,10.583333333333334
1012,20,22.0,2021-07-13 20:12:00,2021-07-20 12:53:00,63.5,7,6,10.583333333333334,12.5
1013,20,23.0,2021-07-20 19:48:00,2021-07-29 17:04:00,100.0,7,8,12.5,9.25
1014,20,24.0,2021-07-29 21:03:00,2021-08-03 18:01:00,37.0,7,4,9.25,21.5
1015,20,25.0,2021-08-04 18:04:00,2021-08-09 08:58:00,86.0,8,4,21.5,5.53125
1016,20,26.0,2021-08-09 21:51:00,2021-08-26 10:10:00,88.5,8,16,5.53125,13.1
1017,20,28.0,2021-08-26 17:06:00,2021-09-01 08:11:00,65.5,8,5,13.1,6.181818181818182
1018,20,29.0,2021-09-01 22:01:00,2021-09-13 11:30:00,68.0,9,11,6.181818181818182,12.5
1019,20,30.0,2021-09-13 20:23:00,2021-09-20 14:53:00,75.0,9,6,12.5,8.38888888888889
1020,20,31.0,2021-09-20 20:48:00,2021-09-30 19:42:00,75.5,9,9,8.38888888888889,11.0
1021,20,32.0,2021-10-09 06:53:00,2021-10-16 02:28:00,66.0,10,6,11.0,20.0
1022,20,34.0,2021-10-17 00:09:00,2021-10-22 10:33:00,100.0,10,5,20.0,4.461538461538462
1023,20,35.0,2021-10-23 06:15:00,2021-11-05 10:52:00,58.0,10,13,4.461538461538462,11.11111111111111
1024,20,36.0,2021-11-06 22:30:00,2021-11-16 13:28:00,100.0,11,9,11.11111111111111,6.333333333333333
1025,20,37.0,2021-11-16 21:23:00,2021-11-26 20:19:00,57.0,11,9,6.333333333333333,8.125
1026,20,38.0,2021-11-28 19:22:00,2021-12-07 08:56:00,65.0,11,8,8.125,7.9
1027,20,39.0,2021-12-07 20:45:00,2021-12-18 01:41:00,79.0,12,10,7.9,6.6
1028,20,40.0,2021-12-18 16:27:00,2021-12-24 06:32:00,33.0,12,5,6.6,7.7727272727272725
1030,20,42.0,2021-12-25 05:17:00,2022-01-05 18:39:00,85.5,12,11,7.7727272727272725,16.0
1031,20,43.0,2022-01-06 00:33:00,2022-01-10 15:40:00,64.0,1,4,16.0,9.0
1032,20,44.0,2022-01-10 20:36:00,2022-01-17 17:08:00,54.0,1,6,9.0,4.166666666666667
1033,20,45.0,2022-01-18 00:03:00,2022-01-30 20:20:00,50.0,1,12,4.166666666666667,11.666666666666666
1034,20,46.0,2022-01-31 20:20:00,2022-02-07 19:58:00,70.0,1,6,11.666666666666666,10.0
1035,20,47.0,2022-02-07 21:56:00,2022-02-18 07:45:00,100.0,2,10,10.0,7.5
1036,20,48.0,2022-02-18 20:34:00,2022-02-28 10:25:00,67.5,2,9,7.5,5.6923076923076925
1037,20,49.0,2022-02-28 22:16:00,2022-03-14 11:45:00,74.0,2,13,5.6923076923076925,5.269230769230769
1038,20,50.0,2022-03-14 23:34:00,2022-03-28 16:13:00,68.5,3,13,5.269230769230769,7.222222222222222
1039,20,51.0,2022-03-28 18:12:00,2022-04-06 18:28:00,65.0,3,9,7.222222222222222,7.333333333333333
1040,20,52.0,2022-04-09 18:37:00,2022-04-18 21:11:00,66.0,4,9,7.333333333333333,4.818181818181818
1041,20,53.0,2022-04-19 21:12:00,2022-05-01 14:43:00,53.0,4,11,4.818181818181818,21.666666666666668
1042,20,54.0,2022-05-02 18:41:00,2022-05-06 01:59:00,65.0,5,3,21.666666666666668,11.11111111111111
1043,20,55.0,2022-05-06 19:45:00,2022-05-16 06:29:00,100.0,5,9,11.11111111111111,14.666666666666666
1044,20,56.0,2022-05-16 22:16:00,2022-05-23 11:25:00,88.0,5,6,14.666666666666666,6.375
1045,20,57.0,2022-05-23 20:25:00,2022-06-01 05:23:00,51.0,5,8,6.375,20.0
1046,20,58.0,2022-06-01 17:16:00,2022-06-06 22:06:00,100.0,6,5,20.0,10.0
1047,20,59.0,2022-06-07 01:04:00,2022-06-17 17:05:00,100.0,6,10,10.0,10.071428571428571
1048,20,60.0,2022-06-17 19:04:00,2022-06-25 07:35:00,70.5,6,7,10.071428571428571,10.9375
1049,20,61.0,2022-06-25 21:24:00,2022-07-04 18:28:00,87.5,6,8,10.9375,27.333333333333332
1050,20,62.0,2022-07-04 20:28:00,2022-07-08 12:27:00,82.0,7,3,27.333333333333332,16.666666666666668
1051,20,63.0,2022-07-08 22:22:00,2022-07-15 13:46:00,100.0,7,6,16.666666666666668,8.11111111111111
1052,20,64.0,2022-07-15 20:42:00,2022-07-25 13:17:00,73.0,7,9,8.11111111111111,16.666666666666668
1053,20,65.0,2022-07-25 18:15:00,2022-08-01 15:43:00,100.0,7,6,16.666666666666668,13.25
1054,20,66.0,2022-08-01 19:40:00,2022-08-08 19:24:00,79.5,8,6,13.25,10.0
1055,20,67.0,2022-08-08 22:22:00,2022-08-19 12:06:00,100.0,8,10,10.0,8.166666666666666
1056,20,68.0,2022-08-19 22:00:00,2022-08-29 03:26:00,73.5,8,9,8.166666666666666,17.666666666666668
1057,20,69.0,2022-08-29 20:12:00,2022-09-02 13:06:00,53.0,8,3,17.666666666666668,6.25
1058,20,70.0,2022-09-02 20:05:00,2022-09-19 16:03:00,100.0,9,16,6.25,7.65
1059,20,71.0,2022-09-19 21:59:00,2022-09-30 15:24:00,76.5,9,10,7.65,9.333333333333334
1060,20,72.0,2022-10-01 16:25:00,2022-10-07 18:20:00,56.0,10,6,9.333333333333334,3.275
1061,20,73.0,2022-10-07 22:17:00,2022-10-28 01:37:00,65.5,10,20,3.275,3.8461538461538463
1062,20,75.0,2022-10-28 23:18:00,2022-11-11 03:38:00,50.0,10,13,3.8461538461538463,6.3
1063,20,76.0,2022-11-11 18:25:00,2022-11-22 08:16:00,63.0,11,10,6.3,28.0
1064,20,77.0,2022-11-22 20:07:00,2022-11-25 19:08:00,56.0,11,2,28.0,8.9
1065,20,78.0,2022-11-25 22:09:00,2022-12-06 15:39:00,89.0,11,10,8.9,10.0
1066,20,79.0,2022-12-06 17:41:00,2022-12-16 16:51:00,90.0,12,9,10.0,11.11111111111111
1067,20,80.0,2022-12-16 23:45:00,2022-12-26 21:34:00,100.0,12,9,11.11111111111111,9.0
1068,20,81.0,2022-12-27 22:14:00,2023-01-03 01:21:00,54.0,12,6,9.0,7.111111111111111
1069,20,82.0,2023-01-03 20:03:00,2023-01-13 10:40:00,64.0,1,9,7.111111111111111,6.6
1070,20,83.0,2023-01-13 18:33:00,2023-01-24 08:42:00,66.0,1,10,6.6,11.11111111111111
1071,20,84.0,2023-01-24 19:33:00,2023-02-03 13:58:00,100.0,1,9,11.11111111111111,6.85
1072,20,85.0,2023-02-03 19:54:00,2023-02-14 13:39:00,68.5,2,10,6.85,4.34375
1073,20,86.0,2023-02-14 20:33:00,2023-03-03 18:32:00,69.5,2,16,4.34375,7.5
1074,20,87.0,2023-03-03 20:31:00,2023-03-14 10:46:00,75.0,3,10,7.5,6.230769230769231
1075,20,88.0,2023-03-14 21:37:00,2023-03-28 10:09:00,81.0,3,13,6.230769230769231,4.40625
1076,20,89.0,2023-03-28 20:02:00,2023-04-14 12:30:00,70.5,3,16,4.40625,9.833333333333334
1077,20,90.0,2023-04-14 20:24:00,2023-04-21 14:44:00,59.0,4,6,9.833333333333334,8.85
1078,20,91.0,2023-04-21 20:39:00,2023-05-02 17:27:00,88.5,4,10,8.85,7.6923076923076925
1079,20,92.0,2023-05-03 01:21:00,2023-05-16 11:01:00,100.0,5,13,7.6923076923076925,71.0
1080,20,93.0,2023-05-16 19:55:00,2023-05-17 23:35:00,71.0,5,1,71.0,7.818181818181818
1081,20,94.0,2023-05-18 00:34:00,2023-05-29 13:01:00,86.0,5,11,7.818181818181818,4.0
1082,20,95.0,2023-06-16 23:19:00,2023-07-12 18:43:00,100.0,6,25,4.0,4.0
1083,20,96.0,2023-07-13 18:48:00,2023-08-08 04:13:00,100.0,7,25,4.0,3.4482758620689653
1084,20,97.0,2023-08-08 19:03:00,2023-09-07 18:29:00,100.0,8,29,3.4482758620689653,11.416666666666666
1085,20,98.0,2023-09-07 23:25:00,2023-09-14 21:50:00,68.5,9,6,11.416666666666666,5.882352941176471
1086,20,99.0,2023-09-15 21:33:00,2023-10-03 13:01:00,100.0,9,17,5.882352941176471,9.375
1087,20,100.0,2021-09-30 20:42:00,2021-10-08 22:59:00,75.0,9,8,9.375,4.411764705882353
1090,21,0.0,2021-01-05 17:10:00,2021-02-02 03:41:00,100.0,1,27,3.7037037037037037,1.55
1091,21,1.0,2021-02-02 07:13:00,2021-02-22 14:36:00,31.0,2,20,1.55,6.576923076923077
1092,21,2.0,2021-02-23 06:42:00,2021-03-08 15:48:00,85.5,2,13,6.576923076923077,5.538461538461538
1093,21,3.0,2021-03-08 17:49:00,2021-03-22 14:20:00,72.0,3,13,5.538461538461538,1.6470588235294117
1094,21,4.0,2021-03-22 18:19:00,2021-04-26 10:58:00,56.0,3,34,1.6470588235294117,4.25
1095,21,5.0,2021-04-26 18:53:00,2021-05-06 20:01:00,42.5,4,10,4.25,10.583333333333334
1096,21,6.0,2021-05-06 23:00:00,2021-05-13 01:35:00,63.5,5,6,10.583333333333334,8.9
1097,21,7.0,2021-05-13 19:22:00,2021-05-24 13:38:00,89.0,5,10,8.9,16.666666666666668
1098,21,8.0,2021-05-24 19:35:00,2021-05-31 11:29:00,100.0,5,6,16.666666666666668,9.555555555555555
1099,21,9.0,2021-05-31 22:24:00,2021-06-10 18:34:00,86.0,5,9,9.555555555555555,50.0
1100,21,10.0,2021-06-10 23:31:00,2021-06-13 20:53:00,100.0,6,2,50.0,16.666666666666668
1101,21,11.0,2021-06-14 16:41:00,2021-06-20 23:20:00,100.0,6,6,16.666666666666668,11.166666666666666
1102,21,12.0,2021-06-21 21:05:00,2021-06-28 02:51:00,67.0,6,6,11.166666666666666,9.666666666666666
1103,21,13.0,2021-06-28 20:39:00,2021-07-08 13:18:00,87.0,6,9,9.666666666666666,5.205882352941177
1104,21,14.0,2021-07-08 22:13:00,2021-07-26 13:18:00,88.5,7,17,5.205882352941177,16.666666666666668
1105,21,15.0,2021-07-26 20:15:00,2021-08-02 17:27:00,100.0,7,6,16.666666666666668,20.0
1106,21,16.0,2021-08-02 23:23:00,2021-08-08 20:13:00,100.0,8,5,20.0,22.666666666666668
1107,21,17.0,2021-08-09 20:23:00,2021-08-13 14:20:00,68.0,8,3,22.666666666666668,50.0
1108,21,18.0,2021-08-13 21:18:00,2021-08-15 23:50:00,100.0,8,2,50.0,14.285714285714286
1109,21,19.0,2021-08-16 19:38:00,2021-08-24 10:02:00,100.0,8,7,14.285714285714286,17.6
1110,21,20.0,2021-08-24 20:59:00,2021-08-30 14:29:00,88.0,8,5,17.6,11.571428571428571
1111,21,21.0,2021-08-30 16:29:00,2021-09-07 15:53:00,81.0,8,7,11.571428571428571,18.0
1112,21,22.0,2021-09-07 18:52:00,2021-09-13 17:20:00,90.0,9,5,18.0,16.666666666666668
1113,21,23.0,2021-09-13 19:20:00,2021-09-20 17:30:00,100.0,9,6,16.666666666666668,7.142857142857143
1114,21,24.0,2021-09-20 20:29:00,2021-10-05 04:26:00,100.0,9,14,7.142857142857143,16.666666666666668
1115,21,25.0,2021-10-05 20:17:00,2021-10-12 09:33:00,100.0,10,6,16.666666666666668,16.666666666666668
1116,21,26.0,2021-10-12 19:28:00,2021-10-19 16:02:00,100.0,10,6,16.666666666666668,8.6
1117,21,27.0,2021-10-19 20:01:00,2021-10-30 03:18:00,86.0,10,10,8.6,20.125
1118,21,28.0,2021-10-30 09:15:00,2021-11-03 20:52:00,80.5,10,4,20.125,14.75
1119,21,29.0,2021-11-09 21:20:00,2021-11-16 17:56:00,88.5,11,6,14.75,12.833333333333334
1120,21,30.0,2021-11-16 19:55:00,2021-11-23 06:44:00,77.0,11,6,12.833333333333334,16.666666666666668
1121,21,31.0,2021-11-23 20:34:00,2021-11-30 12:13:00,100.0,11,6,16.666666666666668,13.333333333333334
1122,21,32.0,2021-11-30 21:07:00,2021-12-04 06:54:00,40.0,11,3,13.333333333333334,23.833333333333332
1123,21,33.0,2021-12-04 10:52:00,2021-12-07 12:25:00,71.5,12,3,23.833333333333332,18.666666666666668
1124,21,34.0,2021-12-07 21:19:00,2021-12-10 23:14:00,56.0,12,3,18.666666666666668,33.333333333333336
1125,21,35.0,2021-12-11 12:05:00,2021-12-14 16:11:00,100.0,12,3,33.333333333333336,12.0
1126,21,36.0,2021-12-14 23:07:00,2021-12-21 17:00:00,72.0,12,6,12.0,3.9615384615384617
1127,21,37.0,2022-01-14 20:28:00,2022-01-28 14:48:00,51.5,1,13,3.9615384615384617,3.3333333333333335
1128,21,38.0,2022-01-28 22:43:00,2022-02-28 12:01:00,100.0,1,30,3.3333333333333335,7.6923076923076925
1129,21,39.0,2022-02-28 21:56:00,2022-03-14 18:17:00,100.0,2,13,7.6923076923076925,5.0
1130,21,40.0,2022-03-14 23:14:00,2022-04-04 02:18:00,100.0,3,20,5.0,14.833333333333334
1131,21,41.0,2022-04-04 22:05:00,2022-04-11 16:55:00,89.0,4,6,14.833333333333334,7.6923076923076925
1132,21,42.0,2022-04-11 21:52:00,2022-04-25 19:03:00,100.0,4,13,7.6923076923076925,14.916666666666666
1133,21,43.0,2022-04-26 00:59:00,2022-05-02 15:51:00,89.5,4,6,14.916666666666666,14.285714285714286
1134,21,44.0,2022-05-02 17:50:00,2022-05-09 18:47:00,100.0,5,7,14.285714285714286,33.25
1135,21,45.0,2022-05-09 21:46:00,2022-05-12 20:29:00,66.5,5,2,33.25,50.0
1136,21,46.0,2022-05-13 19:15:00,2022-05-15 22:49:00,100.0,5,2,50.0,16.666666666666668
1137,21,47.0,2022-05-16 22:34:00,2022-05-23 01:44:00,100.0,5,6,16.666666666666668,16.666666666666668
1138,21,48.0,2022-05-23 20:32:00,2022-05-30 06:54:00,100.0,5,6,16.666666666666668,16.666666666666668
1139,21,49.0,2022-05-30 20:45:00,2022-06-06 10:03:00,100.0,5,6,16.666666666666668,24.0
1140,21,50.0,2022-06-07 00:55:00,2022-06-10 11:57:00,72.0,6,3,24.0,50.0
1141,21,51.0,2022-06-10 20:53:00,2022-06-13 13:42:00,100.0,6,2,50.0,24.5
1142,21,52.0,2022-06-14 00:37:00,2022-06-17 16:47:00,73.5,6,3,24.5,33.333333333333336
1143,21,53.0,2022-06-17 17:48:00,2022-06-20 20:08:00,100.0,6,3,33.333333333333336,22.375
1144,21,54.0,2022-06-21 01:06:00,2022-06-25 17:09:00,89.5,6,4,22.375,45.25
1145,21,55.0,2022-06-25 21:08:00,2022-06-27 22:39:00,90.5,6,2,45.25,16.666666666666668
1146,21,56.0,2022-06-28 01:38:00,2022-07-04 02:39:00,100.0,6,6,16.666666666666668,14.285714285714286
1147,21,57.0,2022-07-04 18:31:00,2022-07-12 06:43:00,100.0,7,7,14.285714285714286,17.2
1148,21,58.0,2022-07-12 20:37:00,2022-07-18 13:43:00,86.0,7,5,17.2,16.666666666666668
1149,21,59.0,2022-07-18 22:44:00,2022-07-25 15:50:00,100.0,7,6,16.666666666666668,16.666666666666668
1150,21,60.0,2022-07-25 18:50:00,2022-08-01 16:35:00,100.0,7,6,16.666666666666668,12.785714285714286
1151,21,61.0,2022-08-01 17:35:00,2022-08-08 20:13:00,89.5,8,7,12.785714285714286,16.666666666666668
1152,21,62.0,2022-08-08 22:12:00,2022-08-15 11:35:00,100.0,8,6,16.666666666666668,13.333333333333334
1153,21,63.0,2022-08-15 21:31:00,2022-08-22 03:20:00,80.0,8,6,13.333333333333334,16.666666666666668
1154,21,64.0,2022-08-22 20:11:00,2022-08-29 09:01:00,100.0,8,6,16.666666666666668,7.6923076923076925
1155,21,65.0,2022-08-29 20:56:00,2022-09-12 13:38:00,100.0,8,13,7.6923076923076925,14.083333333333334
1156,21,66.0,2022-09-12 20:34:00,2022-09-19 17:49:00,84.5,9,6,14.083333333333334,10.166666666666666
1157,21,67.0,2022-09-19 19:49:00,2022-09-26 11:05:00,61.0,9,6,10.166666666666666,16.666666666666668
1158,21,68.0,2022-09-26 20:01:00,2022-10-03 00:44:00,100.0,9,6,16.666666666666668,16.666666666666668
1159,21,69.0,2022-10-03 22:31:00,2022-10-10 04:16:00,100.0,10,6,16.666666666666668,12.285714285714286
1161,21,71.0,2022-10-17 19:41:00,2022-10-25 10:44:00,86.0,10,7,12.285714285714286,2.7
1162,21,72.0,2022-10-25 18:40:00,2022-11-15 15:03:00,54.0,10,20,2.7,14.416666666666666
1163,21,73.0,2022-11-16 13:47:00,2022-11-22 17:45:00,86.5,11,6,14.416666666666666,13.416666666666666
1164,21,74.0,2022-11-22 18:45:00,2022-11-28 20:21:00,80.5,11,6,13.416666666666666,16.666666666666668
1165,21,75.0,2022-11-29 19:04:00,2022-12-06 15:34:00,100.0,11,6,16.666666666666668,50.0
1166,21,76.0,2022-12-06 18:33:00,2022-12-09 02:23:00,100.0,12,2,50.0,27.0
1167,21,77.0,2022-12-09 20:11:00,2022-12-13 14:22:00,81.0,12,3,27.0,44.25
1168,21,78.0,2022-12-13 23:16:00,2022-12-16 15:23:00,88.5,12,2,44.25,29.0
1169,21,79.0,2022-12-17 01:17:00,2022-12-20 08:50:00,87.0,12,3,29.0,5.038461538461538
1170,21,80.0,2022-12-20 19:43:00,2023-01-03 15:24:00,65.5,12,13,5.038461538461538,14.916666666666666
1171,21,81.0,2023-01-03 20:22:00,2023-01-10 17:29:00,89.5,1,6,14.916666666666666,16.666666666666668
1172,21,82.0,2023-01-10 19:29:00,2023-01-17 06:17:00,100.0,1,6,16.666666666666668,16.666666666666668
1173,21,83.0,2023-01-17 20:07:00,2023-01-23 22:38:00,100.0,1,6,16.666666666666668,16.666666666666668
1174,21,84.0,2023-01-24 19:22:00,2023-01-31 06:07:00,100.0,1,6,16.666666666666668,6.333333333333333
1175,21,85.0,2023-01-31 22:55:00,2023-02-10 13:36:00,57.0,1,9,6.333333333333333,8.35
1176,21,86.0,2023-02-10 20:32:00,2023-02-21 05:29:00,83.5,2,10,8.35,9.142857142857142
1177,21,87.0,2023-02-21 08:28:00,2023-02-28 18:24:00,64.0,2,7,9.142857142857142,7.6923076923076925
1178,21,88.0,2023-02-28 21:22:00,2023-03-14 16:42:00,100.0,2,13,7.6923076923076925,6.923076923076923
1179,21,89.0,2023-03-14 20:40:00,2023-03-27 23:13:00,90.0,3,13,6.923076923076923,11.666666666666666
1180,21,90.0,2023-03-28 20:00:00,2023-04-04 02:03:00,70.0,3,6,11.666666666666666,7.6923076923076925
1181,21,91.0,2023-04-04 21:51:00,2023-04-18 09:03:00,100.0,4,13,7.6923076923076925,7.6923076923076925
1182,21,92.0,2023-04-18 21:57:00,2023-05-02 15:32:00,100.0,4,13,7.6923076923076925,14.916666666666666
1183,21,93.0,2023-05-03 01:27:00,2023-05-09 16:49:00,89.5,5,6,14.916666666666666,15.0
1184,21,94.0,2023-05-09 18:49:00,2023-05-15 22:30:00,90.0,5,6,15.0,16.666666666666668
1185,21,95.0,2023-05-16 19:18:00,2023-05-23 13:34:00,100.0,5,6,16.666666666666668,20.0
1186,21,96.0,2023-05-23 19:32:00,2023-05-29 12:04:00,100.0,5,5,20.0,14.0
1187,21,97.0,2023-05-29 19:00:00,2023-06-05 09:46:00,84.0,5,6,14.0,16.0
1188,21,98.0,2023-06-05 20:42:00,2023-06-09 12:17:00,48.0,6,3,16.0,16.5
1189,21,99.0,2023-06-09 20:13:00,2023-06-14 15:20:00,66.0,6,4,16.5,25.0
1190,21,100.0,2023-06-14 20:18:00,2023-06-19 06:23:00,100.0,6,4,25.0,14.666666666666666
1191,21,101.0,2023-06-19 18:17:00,2023-06-26 16:47:00,88.0,6,6,14.666666666666666,7.6923076923076925
1192,21,102.0,2023-06-26 19:46:00,2023-07-10 15:08:00,100.0,6,13,7.6923076923076925,9.75
1193,21,103.0,2023-07-10 19:07:00,2023-07-18 19:20:00,78.0,7,8,9.75,15.125
1194,21,104.0,2023-07-18 22:19:00,2023-07-23 12:29:00,60.5,7,4,15.125,8.333333333333334
1195,21,105.0,2023-07-26 18:49:00,2023-08-07 21:55:00,100.0,7,12,8.333333333333334,14.285714285714286
1196,21,106.0,2023-08-07 22:55:00,2023-08-15 02:17:00,100.0,8,7,14.285714285714286,16.666666666666668
1197,21,107.0,2023-08-15 19:07:00,2023-08-22 06:40:00,100.0,8,6,16.666666666666668,36.0
1198,21,108.0,2023-08-22 22:34:00,2023-08-25 12:26:00,72.0,8,2,36.0,38.5
1199,21,109.0,2023-08-25 19:24:00,2023-08-28 10:48:00,77.0,8,2,38.5,50.0
1200,21,110.0,2023-08-28 18:44:00,2023-08-31 15:09:00,100.0,8,2,50.0,4.818181818181818
1201,21,111.0,2023-08-31 23:06:00,2023-09-12 17:36:00,53.0,8,11,4.818181818181818,25.0
1202,21,112.0,2023-09-13 17:46:00,2023-09-17 21:15:00,100.0,9,4,25.0,20.0
1204,21,114.0,2023-09-19 15:50:00,2023-09-25 01:03:00,100.0,9,5,20.0,14.583333333333334
1205,21,115.0,2023-09-26 00:49:00,2023-10-02 09:43:00,87.5,9,6,14.583333333333334,16.666666666666668
1206,21,116.0,2023-10-02 21:38:00,2023-10-09 09:06:00,100.0,10,6,16.666666666666668,12.642857142857142
1208,21,118.0,2023-10-10 01:00:00,2023-10-17 17:06:00,88.5,10,7,12.642857142857142,25.0
1209,21,119.0,2021-11-04 12:40:00,2021-11-08 23:35:00,100.0,11,4,25.0,2.347826086956522
1210,21,120.0,2021-12-21 19:58:00,2022-01-13 23:44:00,54.0,12,23,2.347826086956522,16.666666666666668
1211,21,121.0,2022-10-11 00:05:00,2022-10-17 07:47:00,100.0,10,6,16.666666666666668,22.166666666666668
1212,21,122.0,2023-07-23 13:29:00,2023-07-26 14:50:00,66.5,7,3,22.166666666666668,20.0
1214,22,0.0,2021-01-04 17:23:00,2021-01-14 00:06:00,41.0,1,9,4.555555555555555,4.9
1215,22,1.0,2021-01-14 19:37:00,2021-01-25 07:13:00,49.0,1,10,4.9,5.5625
1216,22,2.0,2021-01-25 07:44:00,2021-02-02 18:43:00,44.5,1,8,5.5625,6.571428571428571
1217,22,3.0,2021-02-03 09:05:00,2021-02-10 17:45:00,46.0,2,7,6.571428571428571,4.142857142857143
1218,22,4.0,2021-02-10 18:16:00,2021-02-17 22:18:00,29.0,2,7,4.142857142857143,6.125
1219,22,5.0,2021-02-18 16:47:00,2021-02-22 18:51:00,24.5,2,4,6.125,5.153846153846154
1220,22,6.0,2021-02-23 01:32:00,2021-03-08 10:08:00,67.0,2,13,5.153846153846154,16.666666666666668
1221,22,7.0,2021-03-09 01:02:00,2021-03-15 16:42:00,100.0,3,6,16.666666666666668,6.730769230769231
1222,22,8.0,2021-03-15 20:45:00,2021-03-29 20:32:00,87.5,3,13,6.730769230769231,11.11111111111111
1223,22,9.0,2021-03-29 23:35:00,2021-04-08 17:09:00,100.0,3,9,11.11111111111111,16.666666666666668
1224,22,10.0,2021-04-08 21:12:00,2021-04-15 16:08:00,100.0,4,6,16.666666666666668,19.0
1225,22,11.0,2021-04-15 18:10:00,2021-04-19 12:07:00,57.0,4,3,19.0,10.833333333333334
1226,22,12.0,2021-04-19 16:11:00,2021-04-26 12:28:00,65.0,4,6,10.833333333333334,40.5
1227,22,13.0,2021-04-26 23:35:00,2021-04-29 16:12:00,81.0,4,2,40.5,44.25
1228,22,14.0,2021-04-29 21:15:00,2021-05-02 19:22:00,88.5,4,2,44.25,13.333333333333334
1229,22,15.0,2021-05-03 15:33:00,2021-05-10 12:22:00,80.0,5,6,13.333333333333334,7.666666666666667
1230,22,16.0,2021-05-10 18:26:00,2021-05-20 12:26:00,69.0,5,9,7.666666666666667,12.333333333333334
1231,22,17.0,2021-05-20 17:31:00,2021-05-27 16:43:00,74.0,5,6,12.333333333333334,10.0
1232,22,18.0,2021-05-27 21:46:00,2021-06-07 04:05:00,100.0,5,10,10.0,36.0
1233,22,19.0,2021-06-07 22:16:00,2021-06-10 11:18:00,72.0,6,2,36.0,6.666666666666667
1234,22,20.0,2021-06-11 00:26:00,2021-06-26 01:25:00,100.0,6,15,6.666666666666667,100.0
1235,22,21.0,2021-06-26 11:31:00,2021-06-27 23:18:00,100.0,6,1,100.0,14.285714285714286
1236,22,22.0,2021-06-28 19:30:00,2021-07-06 10:24:00,100.0,6,7,14.285714285714286,55.0
1237,22,23.0,2021-07-06 15:28:00,2021-07-08 13:59:00,55.0,7,1,55.0,5.545454545454546
1238,22,24.0,2021-07-09 07:09:00,2021-07-20 17:05:00,61.0,7,11,5.545454545454546,14.285714285714286
1239,22,25.0,2021-07-26 11:20:00,2021-08-02 12:03:00,100.0,7,7,14.285714285714286,5.1
1240,22,26.0,2021-08-03 00:11:00,2021-08-13 21:21:00,51.0,8,10,5.1,25.0
1241,22,27.0,2021-08-14 10:28:00,2021-08-18 12:46:00,100.0,8,4,25.0,10.714285714285714
1242,22,28.0,2021-08-18 21:52:00,2021-08-26 14:48:00,75.0,8,7,10.714285714285714,11.25
1243,22,29.0,2021-08-26 20:53:00,2021-09-04 16:24:00,90.0,8,8,11.25,7.25
1244,22,30.0,2021-09-04 18:26:00,2021-09-12 23:29:00,58.0,9,8,7.25,6.923076923076923
1245,22,31.0,2021-09-13 16:39:00,2021-09-27 12:14:00,90.0,9,13,6.923076923076923,5.2272727272727275
1246,22,32.0,2021-09-27 20:20:00,2021-10-09 09:56:00,57.5,9,11,5.2272727272727275,4.45
1247,22,33.0,2021-10-09 11:58:00,2021-10-19 15:53:00,44.5,10,10,4.45,5.5
1248,22,34.0,2021-10-20 08:02:00,2021-11-03 03:10:00,71.5,10,13,5.5,11.2
1249,22,35.0,2021-11-03 19:19:00,2021-11-09 00:14:00,56.0,11,5,11.2,10.0
1250,22,36.0,2021-11-09 23:26:00,2021-11-20 10:49:00,100.0,11,10,10.0,7.6
1251,22,37.0,2021-11-20 19:54:00,2021-11-26 15:42:00,38.0,11,5,7.6,40.0
1252,22,38.0,2021-11-27 14:53:00,2021-11-29 18:47:00,80.0,11,2,40.0,14.5
1253,22,39.0,2021-11-30 19:24:00,2021-12-07 16:02:00,87.0,11,6,14.5,17.666666666666668
1254,22,40.0,2021-12-08 01:07:00,2021-12-11 05:48:00,53.0,12,3,17.666666666666668,5.8
1255,22,41.0,2021-12-11 12:52:00,2021-12-21 14:26:00,58.0,12,10,5.8,6.961538461538462
1256,22,42.0,2021-12-27 21:11:00,2022-01-10 07:33:00,90.5,12,13,6.961538461538462,10.0
1257,22,43.0,2022-01-10 19:39:00,2022-01-21 14:08:00,100.0,1,10,10.0,16.666666666666668
1258,22,44.0,2022-01-21 19:12:00,2022-01-28 10:47:00,100.0,1,6,16.666666666666668,44.75
1259,22,45.0,2022-01-28 22:54:00,2022-01-31 13:29:00,89.5,1,2,44.75,10.666666666666666
1260,22,46.0,2022-01-31 20:33:00,2022-02-07 13:13:00,64.0,1,6,10.666666666666666,10.0
1261,22,47.0,2022-02-07 23:19:00,2022-02-18 18:52:00,100.0,2,10,10.0,5.625
1262,22,48.0,2022-02-18 22:55:00,2022-03-07 14:28:00,90.0,2,16,5.625,6.25
1263,22,49.0,2022-03-07 23:33:00,2022-03-20 01:43:00,75.0,3,12,6.25,66.0
1264,22,50.0,2022-03-20 03:45:00,2022-03-22 02:13:00,66.0,3,1,66.0,33.333333333333336
1265,22,51.0,2022-04-04 23:17:00,2022-04-08 23:11:00,100.0,4,3,33.333333333333336,10.583333333333334
1266,22,52.0,2022-04-09 01:13:00,2022-04-15 06:29:00,63.5,4,6,10.583333333333334,6.884615384615385
1267,22,53.0,2022-04-15 21:39:00,2022-04-29 17:22:00,89.5,4,13,6.884615384615385,11.11111111111111
1268,22,54.0,2022-04-29 19:24:00,2022-05-09 02:59:00,100.0,4,9,11.11111111111111,8.5
1269,22,55.0,2022-05-10 02:14:00,2022-05-16 12:54:00,51.0,5,6,8.5,5.555555555555555
1270,22,56.0,2022-05-16 17:58:00,2022-06-03 22:38:00,100.0,5,18,5.555555555555555,12.333333333333334
1271,22,59.0,2022-06-04 01:40:00,2022-06-10 09:05:00,74.0,6,6,12.333333333333334,8.777777777777779
1272,22,60.0,2022-06-10 20:13:00,2022-06-20 20:01:00,79.0,6,9,8.777777777777779,6.846153846153846
1273,22,61.0,2022-06-21 01:05:00,2022-07-04 07:33:00,89.0,6,13,6.846153846153846,10.0
1274,22,62.0,2022-07-04 17:41:00,2022-07-15 07:37:00,100.0,7,10,10.0,16.4
1275,22,63.0,2022-07-15 18:46:00,2022-07-21 07:41:00,82.0,7,5,16.4,50.0
1276,22,64.0,2022-07-26 12:05:00,2022-07-28 12:06:00,100.0,7,2,50.0,10.0
1277,22,65.0,2022-07-28 23:14:00,2022-08-08 21:08:00,100.0,7,10,10.0,24.666666666666668
1278,22,66.0,2022-08-09 02:12:00,2022-08-12 13:32:00,74.0,8,3,24.666666666666668,16.666666666666668
1279,22,67.0,2022-08-12 22:39:00,2022-08-19 07:42:00,100.0,8,6,16.666666666666668,9.0
1280,22,68.0,2022-08-19 20:53:00,2022-08-26 14:10:00,54.0,8,6,9.0,22.333333333333332
1281,22,69.0,2022-08-26 18:14:00,2022-08-29 19:00:00,67.0,8,3,22.333333333333332,3.588235294117647
1282,22,70.0,2022-08-30 01:04:00,2022-09-16 08:05:00,61.0,8,17,3.588235294117647,5.882352941176471
1283,22,71.0,2022-09-16 18:13:00,2022-10-03 19:31:00,100.0,9,17,5.882352941176471,6.9
1284,22,72.0,2022-10-03 23:34:00,2022-10-14 07:52:00,69.0,10,10,6.9,9.090909090909092
1285,22,73.0,2022-10-14 19:00:00,2022-10-25 20:39:00,100.0,10,11,9.090909090909092,6.076923076923077
1286,22,74.0,2022-10-25 23:41:00,2022-11-08 23:08:00,79.0,10,13,6.076923076923077,11.166666666666666
1287,22,75.0,2022-11-09 01:10:00,2022-11-15 19:56:00,67.0,11,6,11.166666666666666,3.4615384615384617
1288,22,76.0,2022-11-16 02:00:00,2022-11-29 23:38:00,45.0,11,13,3.4615384615384617,4.8076923076923075
1289,22,77.0,2022-11-30 02:41:00,2022-12-13 10:09:00,62.5,11,13,4.8076923076923075,16.666666666666668
1290,22,78.0,2022-12-14 00:17:00,2022-12-20 20:35:00,100.0,12,6,16.666666666666668,15.083333333333334
1291,22,79.0,2022-12-20 22:37:00,2022-12-27 21:04:00,90.5,12,6,15.083333333333334,13.083333333333334
1292,22,80.0,2022-12-28 01:06:00,2023-01-03 09:41:00,78.5,12,6,13.083333333333334,12.666666666666666
1293,22,81.0,2023-01-03 23:49:00,2023-01-10 17:35:00,76.0,1,6,12.666666666666666,14.833333333333334
1294,22,82.0,2023-01-10 19:36:00,2023-01-17 02:05:00,89.0,1,6,14.833333333333334,5.576923076923077
1295,22,83.0,2023-01-17 20:15:00,2023-01-31 14:03:00,72.5,1,13,5.576923076923077,7.944444444444445
1296,22,84.0,2023-01-31 23:09:00,2023-02-10 19:24:00,71.5,1,9,7.944444444444445,13.916666666666666
1297,22,85.0,2023-02-11 00:27:00,2023-02-17 11:30:00,83.5,2,6,13.916666666666666,11.083333333333334
1298,22,86.0,2023-02-17 18:35:00,2023-02-24 06:00:00,66.5,2,6,11.083333333333334,11.11111111111111
1299,22,87.0,2023-02-24 23:09:00,2023-03-06 22:01:00,100.0,2,9,11.11111111111111,9.333333333333334
1300,22,88.0,2023-03-07 17:12:00,2023-03-14 09:21:00,56.0,3,6,9.333333333333334,6.0
1301,22,89.0,2023-03-14 19:28:00,2023-03-28 11:56:00,78.0,3,13,6.0,7.222222222222222
1302,22,90.0,2023-03-28 19:03:00,2023-04-07 12:11:00,65.0,3,9,7.222222222222222,12.25
1303,22,91.0,2023-04-07 16:15:00,2023-04-14 10:31:00,73.5,4,6,12.25,8.333333333333334
1304,22,92.0,2023-04-14 16:36:00,2023-04-21 16:21:00,50.0,4,6,8.333333333333334,25.666666666666668
1305,22,93.0,2023-04-22 00:25:00,2023-04-25 19:47:00,77.0,4,3,25.666666666666668,6.25
1306,22,94.0,2023-04-25 22:50:00,2023-05-12 02:32:00,100.0,4,16,6.25,5.625
1307,22,95.0,2023-05-12 17:42:00,2023-05-25 16:51:00,67.5,5,12,5.625,7.6
1308,22,96.0,2023-05-25 20:54:00,2023-06-04 23:14:00,76.0,5,10,7.6,9.090909090909092
1309,22,97.0,2023-06-05 16:25:00,2023-06-16 20:07:00,100.0,6,11,9.090909090909092,9.090909090909092
1310,22,98.0,2023-06-17 00:10:00,2023-06-28 09:41:00,100.0,6,11,9.090909090909092,6.392857142857143
1311,22,99.0,2023-06-28 20:49:00,2023-07-13 12:22:00,89.5,6,14,6.392857142857143,25.0
1312,22,100.0,2023-07-13 17:27:00,2023-07-17 19:33:00,100.0,7,4,25.0,6.25
1313,22,101.0,2023-07-17 21:35:00,2023-08-03 16:18:00,100.0,7,16,6.25,5.0
1314,22,102.0,2023-08-03 22:22:00,2023-08-21 00:25:00,85.0,8,17,5.0,5.277777777777778
1316,22,104.0,2023-08-28 17:55:00,2023-09-07 17:50:00,47.5,8,9,5.277777777777778,40.0
1317,22,105.0,2023-09-08 18:05:00,2023-09-11 09:08:00,80.0,9,2,40.0,30.5
1318,22,106.0,2023-09-11 20:16:00,2023-09-13 23:51:00,61.0,9,2,30.5,5.882352941176471
1319,22,107.0,2023-09-14 18:04:00,2023-10-02 16:37:00,100.0,9,17,5.882352941176471,5.1
1320,22,108.0,2023-10-02 22:42:00,2023-10-13 16:20:00,51.0,10,10,5.1,20.0
1321,22,109.0,2021-07-20 19:07:00,2021-07-26 04:15:00,100.0,7,5,20.0,16.666666666666668
1322,22,110.0,2021-12-21 18:29:00,2021-12-27 19:09:00,100.0,12,6,16.666666666666668,9.944444444444445
1323,22,111.0,2022-03-25 21:49:00,2022-04-04 16:13:00,89.5,3,9,9.944444444444445,16.375
1324,22,112.0,2022-07-22 01:53:00,2022-07-26 09:03:00,65.5,7,4,16.375,12.8
1325,22,113.0,2023-08-22 22:10:00,2023-08-28 07:47:00,64.0,8,5,12.8,29.0
1327,23,0.0,2021-01-05 18:16:00,2021-01-11 22:00:00,100.0,1,6,16.666666666666668,16.666666666666668
1328,23,1.0,2021-01-12 09:14:00,2021-01-19 02:03:00,100.0,1,6,16.666666666666668,14.285714285714286
1329,23,2.0,2021-01-19 08:42:00,2021-01-26 15:51:00,100.0,1,7,14.285714285714286,15.0
1330,23,3.0,2021-01-26 18:55:00,2021-02-01 22:48:00,90.0,1,6,15.0,10.75
1331,23,4.0,2021-02-02 09:01:00,2021-02-10 12:37:00,86.0,2,8,10.75,81.0
1332,23,5.0,2021-02-10 19:47:00,2021-02-12 13:46:00,81.0,2,1,81.0,37.5
1333,23,6.0,2021-02-12 16:21:00,2021-02-15 06:15:00,75.0,2,2,37.5,13.083333333333334
1334,23,7.0,2021-02-15 22:38:00,2021-02-22 15:25:00,78.5,2,6,13.083333333333334,22.0
1335,23,8.0,2021-02-25 21:14:00,2021-03-01 14:51:00,66.0,2,3,22.0,14.5
1336,23,9.0,2021-03-01 21:30:00,2021-03-08 09:47:00,87.0,3,6,14.5,16.666666666666668
1337,23,10.0,2021-03-08 18:00:00,2021-03-15 01:25:00,100.0,3,6,16.666666666666668,14.916666666666666
1338,23,11.0,2021-03-15 21:31:00,2021-03-22 14:39:00,89.5,3,6,14.916666666666666,16.666666666666668
1339,23,12.0,2021-03-22 19:41:00,2021-03-29 15:01:00,100.0,3,6,16.666666666666668,10.916666666666666
1340,23,13.0,2021-03-29 18:03:00,2021-04-05 16:06:00,65.5,3,6,10.916666666666666,16.666666666666668
1341,23,14.0,2021-04-05 22:09:00,2021-04-12 13:11:00,100.0,4,6,16.666666666666668,9.333333333333334
1342,23,15.0,2021-04-12 18:14:00,2021-04-22 14:53:00,84.0,4,9,9.333333333333334,8.85
1343,23,16.0,2021-04-22 19:56:00,2021-05-03 02:21:00,88.5,4,10,8.85,14.285714285714286
1344,23,17.0,2021-05-03 19:29:00,2021-05-10 20:01:00,100.0,5,7,14.285714285714286,16.666666666666668
1345,23,18.0,2021-05-10 22:02:00,2021-05-17 13:25:00,100.0,5,6,16.666666666666668,50.0
1346,23,19.0,2021-05-17 17:28:00,2021-05-20 13:20:00,100.0,5,2,50.0,9.0
1347,23,20.0,2021-05-20 20:24:00,2021-05-27 00:54:00,54.0,5,6,9.0,32.5
1349,23,22.0,2021-05-31 19:58:00,2021-06-03 14:23:00,65.0,5,2,32.5,33.333333333333336
1350,23,23.0,2021-06-03 18:26:00,2021-06-07 14:05:00,100.0,6,3,33.333333333333336,50.0
1351,23,24.0,2021-06-07 19:08:00,2021-06-10 17:01:00,100.0,6,2,50.0,66.5
1352,23,25.0,2021-06-10 22:03:00,2021-06-12 05:16:00,66.5,6,1,66.5,34.5
1353,23,26.0,2021-06-12 08:18:00,2021-06-14 21:53:00,69.0,6,2,34.5,100.0
1354,23,27.0,2021-06-23 02:05:00,2021-06-24 14:25:00,100.0,6,1,100.0,26.666666666666668
1355,23,28.0,2021-06-24 18:28:00,2021-06-28 11:54:00,80.0,6,3,26.666666666666668,73.0
1356,23,29.0,2021-06-28 21:59:00,2021-06-30 13:15:00,73.0,6,1,73.0,20.0
1357,23,30.0,2021-06-30 18:18:00,2021-07-05 18:35:00,100.0,6,5,20.0,54.5
1358,23,31.0,2021-07-06 18:44:00,2021-07-08 12:01:00,54.5,7,1,54.5,25.0
1359,23,32.0,2021-07-08 14:03:00,2021-07-13 02:54:00,100.0,7,4,25.0,16.666666666666668
1360,23,33.0,2021-07-13 22:01:00,2021-07-20 10:01:00,100.0,7,6,16.666666666666668,18.0
1361,23,34.0,2021-07-20 20:07:00,2021-07-26 17:10:00,90.0,7,5,18.0,37.5
1362,23,35.0,2021-07-26 20:12:00,2021-07-29 13:41:00,75.0,7,2,37.5,27.0
1363,23,36.0,2021-07-29 20:45:00,2021-08-02 10:19:00,81.0,7,3,27.0,50.0
1364,23,37.0,2021-08-02 21:25:00,2021-08-05 12:53:00,100.0,8,2,50.0,20.0
1365,23,38.0,2021-08-05 21:58:00,2021-08-11 10:56:00,100.0,8,5,20.0,16.666666666666668
1366,23,39.0,2021-08-11 23:02:00,2021-08-18 19:03:00,100.0,8,6,16.666666666666668,13.1
1367,23,40.0,2021-08-18 21:04:00,2021-08-24 16:51:00,65.5,8,5,13.1,17.1
1368,23,41.0,2021-08-24 19:53:00,2021-08-30 13:20:00,85.5,8,5,17.1,25.0
1369,23,42.0,2021-08-30 19:24:00,2021-09-04 10:01:00,100.0,8,4,25.0,33.333333333333336
1370,23,43.0,2021-09-04 17:06:00,2021-09-07 17:41:00,100.0,9,3,33.333333333333336,15.0
1371,23,44.0,2021-09-07 19:43:00,2021-09-10 11:31:00,30.0,9,2,15.0,69.0
1372,23,45.0,2021-09-15 06:24:00,2021-09-16 09:37:00,69.0,9,1,69.0,33.333333333333336
1373,23,46.0,2021-09-16 17:42:00,2021-09-20 12:43:00,100.0,9,3,33.333333333333336,29.0
1374,23,47.0,2021-09-20 18:47:00,2021-09-23 03:11:00,58.0,9,2,29.0,25.0
1375,23,48.0,2021-09-30 19:36:00,2021-10-05 09:16:00,100.0,9,4,25.0,16.666666666666668
1376,23,49.0,2021-10-05 20:20:00,2021-10-12 14:16:00,100.0,10,6,16.666666666666668,33.333333333333336
1377,23,50.0,2021-10-12 20:20:00,2021-10-16 06:17:00,100.0,10,3,33.333333333333336,16.666666666666668
1378,23,51.0,2021-10-16 16:21:00,2021-10-22 16:45:00,100.0,10,6,16.666666666666668,29.833333333333332
1379,23,52.0,2021-10-23 07:48:00,2021-10-26 21:22:00,89.5,10,3,29.833333333333332,14.285714285714286
1380,23,53.0,2021-10-26 23:24:00,2021-11-03 00:49:00,100.0,10,7,14.285714285714286,33.5
1381,23,54.0,2021-11-03 21:54:00,2021-11-06 17:16:00,67.0,11,2,33.5,16.666666666666668
1382,23,55.0,2021-11-06 21:17:00,2021-11-13 10:52:00,100.0,11,6,16.666666666666668,8.714285714285714
1383,23,56.0,2021-11-13 18:56:00,2021-11-20 19:24:00,61.0,11,7,8.714285714285714,20.75
1384,23,57.0,2021-11-20 21:25:00,2021-11-23 19:46:00,41.5,11,2,20.75,50.0
1385,23,58.0,2021-11-24 12:50:00,2021-11-26 23:07:00,100.0,11,2,50.0,25.0
1386,23,59.0,2021-11-27 11:09:00,2021-11-30 12:16:00,75.0,11,3,25.0,15.5
1387,23,60.0,2021-11-30 21:19:00,2021-12-04 05:43:00,46.5,11,3,15.5,16.666666666666668
1388,23,61.0,2021-12-05 06:12:00,2021-12-11 11:43:00,100.0,12,6,16.666666666666668,100.0
1390,23,63.0,2021-12-23 09:02:00,2021-12-24 13:12:00,100.0,12,1,100.0,21.5
1391,23,64.0,2021-12-24 15:13:00,2021-12-27 18:02:00,64.5,12,3,21.5,16.666666666666668
1392,23,65.0,2021-12-28 01:05:00,2022-01-03 15:40:00,100.0,12,6,16.666666666666668,16.666666666666668
1393,23,66.0,2022-01-03 23:43:00,2022-01-10 16:15:00,100.0,1,6,16.666666666666668,25.0
1394,23,67.0,2022-01-10 23:17:00,2022-01-14 14:43:00,75.0,1,3,25.0,16.666666666666668
1395,23,68.0,2022-01-14 20:45:00,2022-01-21 17:56:00,100.0,1,6,16.666666666666668,16.666666666666668
1396,23,69.0,2022-01-21 22:57:00,2022-01-28 14:30:00,100.0,1,6,16.666666666666668,14.666666666666666
1397,23,70.0,2022-01-28 18:32:00,2022-02-04 16:42:00,88.0,1,6,14.666666666666666,20.0
1398,23,71.0,2022-02-06 03:53:00,2022-02-11 09:55:00,100.0,2,5,20.0,16.666666666666668
1399,23,72.0,2022-02-11 22:00:00,2022-02-18 04:54:00,100.0,2,6,16.666666666666668,16.666666666666668
1400,23,73.0,2022-02-18 20:59:00,2022-02-25 15:08:00,100.0,2,6,16.666666666666668,15.0
1401,23,74.0,2022-02-25 23:11:00,2022-03-04 17:48:00,90.0,2,6,15.0,14.833333333333334
1402,23,75.0,2022-03-04 21:49:00,2022-03-11 16:01:00,89.0,3,6,14.833333333333334,16.666666666666668
1403,23,76.0,2022-03-11 23:03:00,2022-03-18 13:03:00,100.0,3,6,16.666666666666668,13.333333333333334
1404,23,77.0,2022-03-18 20:06:00,2022-03-25 17:30:00,80.0,3,6,13.333333333333334,44.0
1405,23,78.0,2022-03-25 21:32:00,2022-03-28 15:57:00,88.0,3,2,44.0,19.5
1406,23,79.0,2022-03-28 22:00:00,2022-03-31 19:46:00,39.0,3,2,19.5,16.666666666666668
1407,23,80.0,2022-04-01 19:54:00,2022-04-08 01:32:00,100.0,4,6,16.666666666666668,14.5
1408,23,81.0,2022-04-08 23:39:00,2022-04-15 17:04:00,87.0,4,6,14.5,16.666666666666668
1409,23,82.0,2022-04-15 19:06:00,2022-04-22 15:53:00,100.0,4,6,16.666666666666668,19.0
1410,23,83.0,2022-04-22 22:55:00,2022-04-25 18:42:00,38.0,4,2,19.0,43.0
1411,23,84.0,2022-04-29 20:47:00,2022-05-02 13:14:00,86.0,4,2,43.0,25.0
1412,23,85.0,2022-05-02 18:17:00,2022-05-06 18:21:00,100.0,5,4,25.0,16.666666666666668
1413,23,86.0,2022-05-06 20:23:00,2022-05-13 13:50:00,100.0,5,6,16.666666666666668,36.5
1414,23,87.0,2022-05-13 23:56:00,2022-05-16 17:26:00,73.0,5,2,36.5,25.0
1415,23,88.0,2022-05-16 19:27:00,2022-05-20 20:11:00,100.0,5,4,25.0,16.666666666666668
1416,23,89.0,2022-05-21 00:13:00,2022-05-27 18:55:00,100.0,5,6,16.666666666666668,15.083333333333334
1417,23,90.0,2022-05-27 20:56:00,2022-06-03 10:24:00,90.5,5,6,15.083333333333334,16.666666666666668
1418,23,91.0,2022-06-03 22:30:00,2022-06-10 18:47:00,100.0,6,6,16.666666666666668,16.666666666666668
1419,23,92.0,2022-06-10 19:49:00,2022-06-17 10:55:00,100.0,6,6,16.666666666666668,16.666666666666668
1420,23,93.0,2022-06-17 20:01:00,2022-06-24 08:28:00,100.0,6,6,16.666666666666668,16.666666666666668
1421,23,94.0,2022-06-24 22:34:00,2022-07-01 18:15:00,100.0,6,6,16.666666666666668,16.666666666666668
1422,23,95.0,2022-07-01 22:17:00,2022-07-08 15:07:00,100.0,7,6,16.666666666666668,33.333333333333336
1423,23,96.0,2022-07-08 21:12:00,2022-07-12 12:59:00,100.0,7,3,33.333333333333336,20.0
1424,23,97.0,2022-07-12 22:05:00,2022-07-18 10:41:00,100.0,7,5,20.0,45.0
1425,23,98.0,2022-07-18 22:50:00,2022-07-21 14:20:00,90.0,7,2,45.0,33.333333333333336
1426,23,99.0,2022-07-21 20:24:00,2022-07-25 20:08:00,100.0,7,3,33.333333333333336,16.666666666666668
1427,23,100.0,2022-07-26 01:10:00,2022-08-01 02:49:00,100.0,7,6,16.666666666666668,24.666666666666668
1428,23,101.0,2022-08-01 19:58:00,2022-08-04 21:54:00,74.0,8,3,24.666666666666668,15.0
1429,23,102.0,2022-08-06 00:08:00,2022-08-12 13:53:00,90.0,8,6,15.0,6.769230769230769
1430,23,103.0,2022-08-12 22:58:00,2022-08-26 18:15:00,88.0,8,13,6.769230769230769,15.25
1431,23,104.0,2022-08-26 22:17:00,2022-08-31 06:26:00,61.0,8,4,15.25,89.5
1432,23,105.0,2022-08-31 17:32:00,2022-09-02 14:58:00,89.5,8,1,89.5,40.5
1433,23,106.0,2022-09-02 19:00:00,2022-09-05 12:28:00,81.0,9,2,40.5,33.333333333333336
1434,23,107.0,2022-09-05 22:33:00,2022-09-09 14:15:00,100.0,9,3,33.333333333333336,16.666666666666668
1435,23,108.0,2022-09-09 17:17:00,2022-09-15 23:05:00,100.0,9,6,16.666666666666668,16.666666666666668
1436,23,109.0,2022-09-16 22:15:00,2022-09-23 14:54:00,100.0,9,6,16.666666666666668,16.666666666666668
1437,23,110.0,2022-09-23 22:58:00,2022-09-30 14:50:00,100.0,9,6,16.666666666666668,14.285714285714286
1438,23,111.0,2022-09-30 20:53:00,2022-10-07 21:19:00,100.0,9,7,14.285714285714286,14.5
1439,23,112.0,2022-10-07 23:20:00,2022-10-14 15:12:00,87.0,10,6,14.5,16.666666666666668
1440,23,113.0,2022-10-14 19:14:00,2022-10-21 12:17:00,100.0,10,6,16.666666666666668,33.333333333333336
1441,23,114.0,2022-10-21 18:20:00,2022-10-25 14:15:00,100.0,10,3,33.333333333333336,16.666666666666668
1442,23,115.0,2022-10-25 19:17:00,2022-10-31 21:38:00,100.0,10,6,16.666666666666668,15.083333333333334
1443,23,116.0,2022-11-01 14:43:00,2022-11-08 02:23:00,90.5,11,6,15.083333333333334,32.0
1444,23,117.0,2022-11-08 20:29:00,2022-11-11 14:15:00,64.0,11,2,32.0,16.666666666666668
1445,23,118.0,2022-11-11 20:17:00,2022-11-18 14:36:00,100.0,11,6,16.666666666666668,33.333333333333336
1446,23,119.0,2022-11-18 18:38:00,2022-11-22 17:06:00,100.0,11,3,33.333333333333336,24.666666666666668
1447,23,120.0,2022-11-22 21:07:00,2022-11-25 21:55:00,74.0,11,3,24.666666666666668,26.333333333333332
1448,23,121.0,2022-11-26 00:56:00,2022-11-29 14:53:00,79.0,11,3,26.333333333333332,50.0
1449,23,122.0,2022-11-29 20:55:00,2022-12-02 12:48:00,100.0,11,2,50.0,33.333333333333336
1450,23,123.0,2022-12-02 17:51:00,2022-12-06 16:42:00,100.0,12,3,33.333333333333336,26.0
1451,23,124.0,2022-12-06 22:44:00,2022-12-09 19:30:00,52.0,12,2,26.0,33.333333333333336
1452,23,125.0,2022-12-09 21:32:00,2022-12-13 18:27:00,100.0,12,3,33.333333333333336,15.0
1453,23,126.0,2022-12-13 21:28:00,2022-12-20 13:37:00,90.0,12,6,15.0,44.0
1454,23,127.0,2022-12-20 19:39:00,2022-12-23 17:03:00,88.0,12,2,44.0,26.333333333333332
1455,23,128.0,2022-12-23 23:05:00,2022-12-27 12:41:00,79.0,12,3,26.333333333333332,17.875
1456,23,129.0,2022-12-27 22:45:00,2023-01-01 18:10:00,71.5,12,4,17.875,50.0
1457,23,130.0,2023-01-03 19:40:00,2023-01-06 13:22:00,100.0,1,2,50.0,33.333333333333336
1458,23,131.0,2023-01-06 21:26:00,2023-01-10 16:55:00,100.0,1,3,33.333333333333336,16.666666666666668
1459,23,132.0,2023-01-10 20:57:00,2023-01-17 14:35:00,100.0,1,6,16.666666666666668,16.666666666666668
1460,23,133.0,2023-01-17 22:37:00,2023-01-24 12:09:00,100.0,1,6,16.666666666666668,39.0
1461,23,134.0,2023-01-24 20:12:00,2023-01-27 19:02:00,78.0,1,2,39.0,33.333333333333336
1462,23,135.0,2023-01-27 21:03:00,2023-01-31 13:06:00,100.0,1,3,33.333333333333336,16.666666666666668
1463,23,136.0,2023-01-31 20:10:00,2023-02-07 13:26:00,100.0,1,6,16.666666666666668,33.333333333333336
1464,23,137.0,2023-02-07 14:27:00,2023-02-10 16:50:00,100.0,2,3,33.333333333333336,9.05
1465,23,138.0,2023-02-10 20:52:00,2023-02-21 07:46:00,90.5,2,10,9.05,33.333333333333336
1466,23,139.0,2023-02-21 09:50:00,2023-02-24 11:48:00,100.0,2,3,33.333333333333336,33.333333333333336
1467,23,140.0,2023-02-25 10:06:00,2023-02-28 10:43:00,100.0,2,3,33.333333333333336,16.666666666666668
1468,23,141.0,2023-03-01 09:01:00,2023-03-07 09:17:00,100.0,3,6,16.666666666666668,17.25
1469,23,142.0,2023-03-07 22:22:00,2023-03-12 10:30:00,69.0,3,4,17.25,17.9
1470,23,143.0,2023-03-12 12:32:00,2023-03-17 17:08:00,89.5,3,5,17.9,29.333333333333332
1471,23,144.0,2023-03-17 20:09:00,2023-03-21 12:06:00,88.0,3,3,29.333333333333332,50.0
1472,23,145.0,2023-03-21 21:11:00,2023-03-24 00:53:00,100.0,3,2,50.0,30.0
1473,23,146.0,2023-03-24 20:00:00,2023-03-28 19:42:00,90.0,3,3,30.0,43.25
1474,23,147.0,2023-03-28 21:44:00,2023-03-31 15:10:00,86.5,3,2,43.25,79.5
1477,23,150.0,2023-04-14 17:53:00,2023-04-16 11:08:00,79.5,4,1,79.5,50.0
1478,23,151.0,2023-04-18 22:39:00,2023-04-21 15:07:00,100.0,4,2,50.0,16.666666666666668
1479,23,152.0,2023-04-21 23:09:00,2023-04-28 16:15:00,100.0,4,6,16.666666666666668,51.0
1480,23,153.0,2023-04-28 20:17:00,2023-04-30 06:32:00,51.0,4,1,51.0,33.25
1482,23,155.0,2023-05-02 23:04:00,2023-05-05 15:33:00,66.5,5,2,33.25,33.333333333333336
1483,23,156.0,2023-05-12 22:38:00,2023-05-16 21:07:00,100.0,5,3,33.333333333333336,50.0
1484,23,157.0,2023-05-16 23:08:00,2023-05-19 16:41:00,100.0,5,2,50.0,38.0
1485,23,158.0,2023-05-19 20:43:00,2023-05-21 00:53:00,38.0,5,1,38.0,16.666666666666668
1486,23,159.0,2023-05-26 20:02:00,2023-06-02 01:48:00,100.0,5,6,16.666666666666668,19.5
1487,23,160.0,2023-06-02 18:56:00,2023-06-07 14:13:00,78.0,6,4,19.5,48.0
1488,23,161.0,2023-06-07 20:16:00,2023-06-09 13:32:00,48.0,6,1,48.0,25.0
1489,23,162.0,2023-06-09 19:35:00,2023-06-14 16:31:00,100.0,6,4,25.0,27.75
1490,23,163.0,2023-06-14 20:33:00,2023-06-17 10:02:00,55.5,6,2,27.75,40.5
1491,23,164.0,2023-06-20 21:42:00,2023-06-23 16:16:00,81.0,6,2,40.5,50.0
1492,23,165.0,2023-06-23 19:19:00,2023-06-26 09:52:00,100.0,6,2,50.0,70.0
1493,23,166.0,2023-06-26 20:59:00,2023-06-28 13:17:00,70.0,6,1,70.0,17.5
1494,23,167.0,2023-06-28 20:21:00,2023-06-30 22:44:00,35.0,6,2,17.5,50.0
1495,23,168.0,2023-07-01 10:49:00,2023-07-03 17:42:00,100.0,7,2,50.0,20.0
1496,23,169.0,2023-07-03 19:44:00,2023-07-09 18:38:00,100.0,7,5,20.0,100.0
1497,23,170.0,2023-07-10 19:13:00,2023-07-12 02:55:00,100.0,7,1,100.0,25.0
1498,23,171.0,2023-07-12 20:03:00,2023-07-17 08:15:00,100.0,7,4,25.0,42.0
1499,23,172.0,2023-07-17 21:22:00,2023-07-20 15:54:00,84.0,7,2,42.0,22.125
1500,23,173.0,2023-07-20 21:57:00,2023-07-25 15:52:00,88.5,7,4,22.125,44.5
1501,23,174.0,2023-07-25 21:55:00,2023-07-28 19:30:00,89.0,7,2,44.5,33.333333333333336
1502,23,175.0,2023-07-28 20:31:00,2023-08-01 10:34:00,100.0,7,3,33.333333333333336,70.0
1503,23,176.0,2023-08-01 20:40:00,2023-08-03 15:03:00,70.0,8,1,70.0,16.666666666666668
1505,23,178.0,2023-08-08 20:14:00,2023-08-15 14:25:00,100.0,8,6,16.666666666666668,12.5
1506,23,179.0,2023-08-15 20:29:00,2023-08-23 20:38:00,100.0,8,8,12.5,17.6
1507,23,180.0,2023-08-23 21:39:00,2023-08-29 07:25:00,88.0,8,5,17.6,50.0
1508,23,181.0,2023-08-29 19:31:00,2023-08-31 20:54:00,100.0,8,2,50.0,50.0
1510,23,183.0,2023-09-01 19:07:00,2023-09-04 08:59:00,100.0,9,2,50.0,44.25
1511,23,184.0,2023-09-04 23:04:00,2023-09-07 15:36:00,88.5,9,2,44.25,33.333333333333336
1512,23,185.0,2023-09-07 22:40:00,2023-09-11 20:21:00,100.0,9,3,33.333333333333336,50.0
1513,23,186.0,2023-09-11 22:22:00,2023-09-13 22:45:00,100.0,9,2,50.0,33.333333333333336
1514,23,187.0,2023-09-14 18:54:00,2023-09-18 11:32:00,100.0,9,3,33.333333333333336,100.0
1515,23,188.0,2023-09-18 18:36:00,2023-09-20 13:57:00,100.0,9,1,100.0,25.0
1516,23,189.0,2023-09-20 20:00:00,2023-09-25 08:09:00,100.0,9,4,25.0,44.25
1517,23,190.0,2023-09-26 00:17:00,2023-09-28 18:57:00,88.5,9,2,44.25,75.0
1518,23,191.0,2023-09-28 21:59:00,2023-09-30 02:11:00,75.0,9,1,75.0,44.25
1519,23,192.0,2023-10-03 21:58:00,2023-10-06 15:31:00,88.5,10,2,44.25,33.333333333333336
1520,23,193.0,2023-10-06 20:34:00,2023-10-10 16:44:00,100.0,10,3,33.333333333333336,43.5
1521,23,194.0,2023-10-10 19:46:00,2023-10-13 15:16:00,87.0,10,2,43.5,25.0
1522,23,195.0,2023-10-13 19:18:00,2023-10-18 11:28:00,100.0,10,4,25.0,22.5
1523,23,196.0,2023-10-18 20:38:00,2023-10-23 15:20:00,90.0,10,4,22.5,31.5
1524,23,197.0,2021-02-22 17:59:00,2021-02-25 12:00:00,63.0,2,2,31.5,33.5
1525,23,198.0,2021-05-27 20:02:00,2021-05-29 21:30:00,67.0,5,2,33.5,13.5
1528,23,201.0,2021-09-10 16:34:00,2021-09-14 21:21:00,54.0,9,4,13.5,29.166666666666668
1529,23,202.0,2021-09-27 11:59:00,2021-09-30 14:33:00,87.5,9,3,29.166666666666668,90.0
1530,23,203.0,2021-12-21 22:50:00,2021-12-22 22:59:00,90.0,12,1,90.0,29.75
1532,23,205.0,2022-04-26 19:14:00,2022-04-29 15:43:00,59.5,4,2,29.75,17.4
1535,23,208.0,2023-04-02 13:27:00,2023-04-07 14:22:00,87.0,4,5,17.4,80.0
1536,23,209.0,2023-04-16 17:13:00,2023-04-18 13:34:00,80.0,4,1,80.0,54.0
1537,23,210.0,2023-04-30 15:37:00,2023-05-02 13:57:00,54.0,4,1,54.0,16.666666666666668
1538,23,211.0,2023-05-05 20:36:00,2023-05-12 04:31:00,100.0,5,6,16.666666666666668,24.833333333333332
1540,23,213.0,2023-06-17 13:04:00,2023-06-20 19:41:00,74.5,6,3,24.833333333333332,39.75
1542,23,215.0,2023-10-01 16:35:00,2023-10-03 17:56:00,79.5,10,2,39.75,18.833333333333332
1543,23,216.0,2021-06-14 22:54:00,2021-06-18 00:49:00,56.5,6,3,18.833333333333332,19.125
1544,23,217.0,2021-09-23 06:12:00,2021-09-27 10:57:00,76.5,9,4,19.125,16.666666666666668
1547,23,220.0,2023-04-07 16:24:00,2023-04-14 09:50:00,100.0,4,6,16.666666666666668,20.0
1548,23,221.0,2023-05-21 14:00:00,2023-05-26 14:59:00,100.0,5,5,20.0,26.5
1549,23,222.0,2023-08-04 14:15:00,2023-08-07 05:50:00,53.0,8,2,26.5,72.0
1550,23,223.0,2023-09-30 11:14:00,2023-10-01 15:33:00,72.0,9,1,72.0,29.166666666666668
1551,23,224.0,2021-06-18 03:50:00,2021-06-21 14:49:00,87.5,6,3,29.166666666666668,36.5
1552,23,225.0,2021-12-12 13:54:00,2021-12-13 18:06:00,36.5,12,1,36.5,10.1875
1554,24,0.0,2021-01-05 06:22:00,2021-01-25 05:07:00,60.0,1,19,3.1578947368421053,2.761904761904762
1555,24,1.0,2021-01-25 10:14:00,2021-02-15 11:25:00,58.0,1,21,2.761904761904762,4.761904761904762
1556,24,2.0,2021-02-15 12:49:00,2021-03-08 15:52:00,100.0,2,21,4.761904761904762,5.0
1557,24,4.0,2021-03-09 00:43:00,2021-03-29 14:29:00,100.0,3,20,5.0,16.75
1558,24,5.0,2021-03-29 18:09:00,2021-04-02 23:01:00,67.0,3,4,16.75,73.0
1559,24,6.0,2021-04-03 16:23:00,2021-04-05 13:18:00,73.0,4,1,73.0,4.923076923076923
1560,24,7.0,2021-04-05 18:49:00,2021-04-19 17:04:00,64.0,4,13,4.923076923076923,1.9545454545454546
1561,24,8.0,2021-04-19 22:34:00,2021-06-03 02:39:00,86.0,4,44,1.9545454545454546,9.88888888888889
1562,24,9.0,2021-06-15 18:37:00,2021-06-25 08:57:00,89.0,6,9,9.88888888888889,36.75
1563,24,10.0,2021-06-25 17:15:00,2021-06-28 13:50:00,73.5,6,2,36.75,100.0
1564,24,11.0,2021-07-06 07:20:00,2021-07-08 01:36:00,100.0,7,1,100.0,5.882352941176471
1565,24,12.0,2021-07-08 19:01:00,2021-07-26 00:14:00,100.0,7,17,5.882352941176471,6.25
1566,24,13.0,2021-07-26 19:30:00,2021-08-02 13:44:00,37.5,7,6,6.25,10.0
1567,24,14.0,2021-08-02 19:15:00,2021-08-13 17:13:00,100.0,8,10,10.0,4.625
1568,24,15.0,2021-08-13 19:04:00,2021-08-30 17:50:00,74.0,8,16,4.625,6.25
1569,24,16.0,2021-08-30 20:36:00,2021-09-16 14:20:00,100.0,8,16,6.25,6.8076923076923075
1570,24,17.0,2021-09-16 16:11:00,2021-09-30 15:52:00,88.5,9,13,6.8076923076923075,3.4444444444444446
1571,24,18.0,2021-09-30 17:42:00,2021-10-19 13:29:00,62.0,9,18,3.4444444444444446,4.205882352941177
1572,24,19.0,2021-10-19 17:09:00,2021-11-06 08:35:00,71.5,10,17,4.205882352941177,6.076923076923077
1573,24,20.0,2021-11-06 16:49:00,2021-11-20 10:38:00,79.0,11,13,6.076923076923077,5.833333333333333
1574,24,21.0,2021-11-20 14:18:00,2021-11-27 00:29:00,35.0,11,6,5.833333333333333,8.61111111111111
1575,24,22.0,2021-11-27 19:41:00,2021-12-07 09:18:00,77.5,11,9,8.61111111111111,5.6
1576,24,23.0,2021-12-07 18:28:00,2021-12-18 12:10:00,56.0,12,10,5.6,6.666666666666667
1577,24,24.0,2021-12-18 14:55:00,2022-01-03 13:51:00,100.0,12,15,6.666666666666667,9.25
1578,24,25.0,2022-01-03 21:11:00,2022-01-10 09:46:00,55.5,1,6,9.25,4.846153846153846
1579,24,26.0,2022-01-10 18:55:00,2022-01-24 11:44:00,63.0,1,13,4.846153846153846,2.5
1580,24,27.0,2022-01-24 19:04:00,2022-02-21 11:46:00,67.5,1,27,2.5,20.5
1581,24,28.0,2022-02-21 18:11:00,2022-02-24 18:52:00,61.5,2,3,20.5,3.176470588235294
1583,24,30.0,2022-03-14 17:38:00,2022-03-31 19:59:00,54.0,3,17,3.176470588235294,4.8125
1584,24,31.0,2022-04-01 17:56:00,2022-04-18 16:46:00,77.0,4,16,4.8125,26.833333333333332
1585,24,32.0,2022-04-18 19:32:00,2022-04-22 12:23:00,80.5,4,3,26.833333333333332,5.59375
1586,24,33.0,2022-04-22 16:58:00,2022-05-09 09:58:00,89.5,4,16,5.59375,7.65
1587,24,34.0,2022-05-09 19:09:00,2022-05-20 11:53:00,76.5,5,10,7.65,5.6923076923076925
1588,24,35.0,2022-05-20 18:20:00,2022-06-03 11:59:00,74.0,5,13,5.6923076923076925,7.6923076923076925
1589,24,36.0,2022-06-03 18:25:00,2022-06-17 14:00:00,100.0,6,13,7.6923076923076925,5.53125
1591,24,38.0,2022-06-25 17:54:00,2022-07-12 17:41:00,88.5,6,16,5.53125,6.666666666666667
1592,24,39.0,2022-07-12 19:32:00,2022-07-28 16:57:00,100.0,7,15,6.666666666666667,14.285714285714286
1593,24,40.0,2022-07-28 18:48:00,2022-08-05 05:59:00,100.0,7,7,14.285714285714286,7.6923076923076925
1594,24,41.0,2022-08-05 19:45:00,2022-08-19 15:02:00,100.0,8,13,7.6923076923076925,3.642857142857143
1595,24,42.0,2022-08-19 18:43:00,2022-09-09 23:46:00,76.5,8,21,3.642857142857143,7.555555555555555
1596,24,43.0,2022-09-10 00:42:00,2022-09-19 13:38:00,68.0,9,9,7.555555555555555,5.882352941176471
1597,24,44.0,2022-09-19 18:13:00,2022-10-07 04:26:00,100.0,9,17,5.882352941176471,3.911764705882353
1598,24,45.0,2022-10-07 18:11:00,2022-10-25 02:38:00,66.5,10,17,3.911764705882353,3.8461538461538463
1599,24,46.0,2022-10-25 18:12:00,2022-11-08 03:41:00,50.0,10,13,3.8461538461538463,12.583333333333334
1600,24,47.0,2022-11-08 19:14:00,2022-11-15 16:06:00,75.5,11,6,12.583333333333334,4.3
1602,24,49.0,2022-11-29 17:17:00,2022-12-20 16:22:00,86.0,11,20,4.3,11.11111111111111
1603,24,50.0,2022-12-20 18:12:00,2022-12-30 17:54:00,100.0,12,9,11.11111111111111,16.666666666666668
1604,24,51.0,2022-12-30 18:49:00,2023-01-06 09:05:00,100.0,12,6,16.666666666666668,3.6
1605,24,52.0,2023-01-06 17:19:00,2023-01-27 13:41:00,72.0,1,20,3.6,5.923076923076923
1606,24,53.0,2023-01-27 18:16:00,2023-02-09 22:28:00,77.0,1,13,5.923076923076923,7.6923076923076925
1607,24,54.0,2023-02-10 17:40:00,2023-02-24 15:36:00,100.0,2,13,7.6923076923076925,2.9166666666666665
1608,24,55.0,2023-02-24 17:26:00,2023-03-21 12:04:00,70.0,2,24,2.9166666666666665,2.75
1609,24,56.0,2023-03-21 18:29:00,2023-04-19 10:55:00,77.0,3,28,2.75,5.133333333333334
1610,24,57.0,2023-04-19 18:16:00,2023-05-05 08:57:00,77.0,4,15,5.133333333333334,10.0
1611,24,58.0,2023-05-05 19:03:00,2023-05-16 12:17:00,100.0,5,10,10.0,3.65625
1612,24,59.0,2023-05-16 17:48:00,2023-06-02 17:46:00,58.5,5,16,3.65625,17.6
1613,24,60.0,2023-06-04 12:03:00,2023-06-09 17:56:00,88.0,6,5,17.6,11.0
1614,24,61.0,2023-06-09 20:42:00,2023-06-15 09:52:00,55.0,6,5,11.0,11.11111111111111
1615,24,62.0,2023-06-23 16:13:00,2023-07-03 13:30:00,100.0,6,9,11.11111111111111,33.333333333333336
1616,24,63.0,2023-07-03 17:12:00,2023-07-06 19:20:00,100.0,7,3,33.333333333333336,9.090909090909092
1617,24,64.0,2023-07-06 20:16:00,2023-07-18 16:51:00,100.0,7,11,9.090909090909092,6.666666666666667
1618,24,65.0,2023-07-18 19:37:00,2023-08-03 12:23:00,100.0,7,15,6.666666666666667,5.461538461538462
1619,24,66.0,2023-08-03 19:44:00,2023-08-17 09:49:00,71.0,8,13,5.461538461538462,20.0
1620,24,67.0,2023-08-22 19:38:00,2023-08-28 15:49:00,100.0,8,5,20.0,3.761904761904762
1621,24,68.0,2023-08-28 22:15:00,2023-09-19 06:40:00,79.0,8,21,3.761904761904762,11.5
1622,24,69.0,2023-09-19 21:20:00,2023-09-26 14:34:00,69.0,9,6,11.5,12.857142857142858
1623,24,70.0,2023-09-26 19:09:00,2023-10-04 08:16:00,90.0,9,7,12.857142857142858,7.818181818181818
1624,24,71.0,2021-06-03 14:34:00,2021-06-15 09:24:00,86.0,6,11,7.818181818181818,12.5
1625,24,72.0,2021-06-28 18:27:00,2021-07-06 03:39:00,87.5,6,7,12.5,34.5
1626,24,73.0,2022-02-24 23:27:00,2022-02-27 03:04:00,69.0,2,2,34.5,7.6923076923076925
1627,24,74.0,2022-02-28 14:46:00,2022-03-14 12:08:00,100.0,2,13,7.6923076923076925,43.75
1628,24,75.0,2022-06-18 12:57:00,2022-06-20 13:35:00,87.5,6,2,43.75,6.416666666666667
1629,24,76.0,2022-11-16 17:47:00,2022-11-28 19:21:00,77.0,11,12,6.416666666666667,17.0
1631,24,78.0,2023-06-19 03:00:00,2023-06-23 11:37:00,68.0,6,4,17.0,25.0
1632,24,79.0,2023-08-17 11:39:00,2023-08-22 00:22:00,100.0,8,4,25.0,22.25
1633,24,80.0,2022-06-20 19:05:00,2022-06-25 15:08:00,89.0,6,4,22.25,23.0
1636,25,0.0,2021-01-04 18:24:00,2021-01-25 05:23:00,51.0,1,20,2.55,1.8780487804878048
1637,25,1.0,2021-01-26 00:06:00,2021-03-08 06:40:00,77.0,1,41,1.8780487804878048,2.84375
1638,25,2.0,2021-03-08 23:57:00,2021-03-25 15:22:00,45.5,3,16,2.84375,0.8076923076923077
1639,25,3.0,2021-03-26 14:22:00,2021-05-17 19:23:00,42.0,3,52,0.8076923076923077,4.625
1640,25,4.0,2021-05-18 15:11:00,2021-05-31 05:25:00,55.5,5,12,4.625,4.5
1641,25,5.0,2021-05-31 14:53:00,2021-06-21 11:36:00,90.0,5,20,4.5,1.6590909090909092
1642,25,6.0,2021-06-21 16:20:00,2021-07-13 17:37:00,36.5,6,22,1.6590909090909092,5.954545454545454
1643,25,7.0,2021-07-14 11:32:00,2021-07-26 08:18:00,65.5,7,11,5.954545454545454,14.5
1644,25,8.0,2021-07-26 16:49:00,2021-08-02 03:56:00,87.0,7,6,14.5,3.2
1645,25,9.0,2021-08-02 18:07:00,2021-08-13 17:39:00,32.0,8,10,3.2,7.75
1646,25,10.0,2021-08-14 11:34:00,2021-08-18 14:00:00,31.0,8,4,7.75,5.0
1647,25,11.0,2021-08-19 13:02:00,2021-08-30 04:17:00,50.0,8,10,5.0,3.6
1648,25,12.0,2021-08-30 21:18:00,2021-09-20 13:09:00,72.0,8,20,3.6,1.5873015873015872
1649,25,13.0,2021-09-20 22:36:00,2021-11-23 10:37:00,100.0,9,63,1.5873015873015872,1.1515151515151516
1650,25,15.0,2021-11-23 19:15:00,2021-12-27 03:13:00,38.0,11,33,1.1515151515151516,12.5
1651,25,16.0,2021-12-27 23:01:00,2022-01-05 05:02:00,100.0,12,8,12.5,5.363636363636363
1652,25,17.0,2022-01-05 18:14:00,2022-01-17 12:06:00,59.0,1,11,5.363636363636363,2.193548387096774
1653,25,18.0,2022-01-17 18:43:00,2022-02-18 05:04:00,68.0,1,31,2.193548387096774,7.444444444444445
1654,25,19.0,2022-02-18 17:20:00,2022-02-28 08:59:00,67.0,2,9,7.444444444444445,9.071428571428571
1655,25,20.0,2022-02-28 16:33:00,2022-03-07 17:00:00,63.5,2,7,9.071428571428571,14.285714285714286
1656,25,21.0,2022-03-07 17:57:00,2022-03-15 17:30:00,100.0,3,7,14.285714285714286,0.16216216216216217
1657,25,22.0,2022-03-16 09:31:00,2022-05-30 08:50:00,12.0,3,74,0.16216216216216217,6.7
1658,25,23.0,2022-05-31 07:52:00,2022-06-10 12:20:00,67.0,5,10,6.7,11.11111111111111
1659,25,24.0,2022-06-10 23:42:00,2022-06-20 17:38:00,100.0,6,9,11.11111111111111,28.166666666666668
1660,25,25.0,2022-06-21 16:17:00,2022-06-25 13:51:00,84.5,6,3,28.166666666666668,6.846153846153846
1661,25,27.0,2022-06-25 14:49:00,2022-07-08 18:05:00,89.0,6,13,6.846153846153846,11.11111111111111
1662,25,28.0,2022-07-08 21:53:00,2022-07-18 12:19:00,100.0,7,9,11.11111111111111,4.653846153846154
1663,25,29.0,2022-07-18 21:49:00,2022-08-01 17:28:00,60.5,7,13,4.653846153846154,10.0
1664,25,30.0,2022-08-01 22:12:00,2022-08-12 17:15:00,100.0,8,10,10.0,13.333333333333334
1665,25,31.0,2022-08-13 02:42:00,2022-08-19 03:29:00,80.0,8,6,13.333333333333334,10.6
1666,25,32.0,2022-08-20 00:18:00,2022-08-25 22:40:00,53.0,8,5,10.6,16.666666666666668
1667,25,33.0,2022-08-26 21:21:00,2022-09-02 17:28:00,100.0,8,6,16.666666666666668,7.777777777777778
1668,25,34.0,2022-09-02 20:18:00,2022-09-12 19:00:00,70.0,9,9,7.777777777777778,14.583333333333334
1669,25,35.0,2022-09-13 18:02:00,2022-09-19 18:56:00,87.5,9,6,14.583333333333334,16.666666666666668
1670,25,36.0,2022-09-19 21:47:00,2022-09-26 16:03:00,100.0,9,6,16.666666666666668,8.222222222222221
1671,25,37.0,2022-09-26 23:37:00,2022-10-06 22:24:00,74.0,9,9,8.222222222222221,9.88888888888889
1672,25,38.0,2022-10-08 07:05:00,2022-10-17 16:58:00,89.0,10,9,9.88888888888889,8.071428571428571
1673,25,39.0,2022-10-18 10:09:00,2022-10-25 12:19:00,56.5,10,7,8.071428571428571,5.230769230769231
1674,25,40.0,2022-10-26 10:17:00,2022-11-08 18:01:00,68.0,10,13,5.230769230769231,7.541666666666667
1675,25,41.0,2022-11-09 09:24:00,2022-11-21 13:00:00,90.5,11,12,7.541666666666667,7.6923076923076925
1676,25,42.0,2022-11-23 12:01:00,2022-12-06 14:17:00,100.0,11,13,7.6923076923076925,5.666666666666667
1677,25,43.0,2022-12-07 13:12:00,2022-12-20 12:21:00,68.0,12,12,5.666666666666667,16.666666666666668
1678,25,44.0,2022-12-21 12:15:00,2022-12-27 15:14:00,100.0,12,6,16.666666666666668,16.666666666666668
1679,25,45.0,2022-12-28 13:10:00,2023-01-03 16:08:00,100.0,12,6,16.666666666666668,8.333333333333334
1680,25,46.0,2023-01-04 11:14:00,2023-01-17 10:45:00,100.0,1,12,8.333333333333334,20.0
1681,25,47.0,2023-01-18 11:30:00,2023-01-24 08:25:00,100.0,1,5,20.0,10.0
1682,25,48.0,2023-01-24 20:42:00,2023-02-03 10:50:00,90.0,1,9,10.0,16.666666666666668
1683,25,49.0,2023-02-03 19:21:00,2023-02-10 13:41:00,100.0,2,6,16.666666666666668,5.461538461538462
1684,25,50.0,2023-02-10 22:10:00,2023-02-24 12:42:00,71.0,2,13,5.461538461538462,5.882352941176471
1685,25,51.0,2023-02-24 21:12:00,2023-03-14 05:09:00,100.0,2,17,5.882352941176471,17.875
1686,25,52.0,2023-03-14 21:12:00,2023-03-19 11:16:00,71.5,3,4,17.875,12.6
1687,25,53.0,2023-03-19 15:04:00,2023-03-24 17:44:00,63.0,3,5,12.6,13.6
1688,25,54.0,2023-04-04 22:05:00,2023-04-10 20:36:00,68.0,4,5,13.6,7.0
1689,25,55.0,2023-04-11 18:19:00,2023-04-21 11:06:00,63.0,4,9,7.0,11.333333333333334
1690,25,56.0,2023-04-21 22:26:00,2023-04-28 14:55:00,68.0,4,6,11.333333333333334,7.5
1691,25,57.0,2023-04-28 21:33:00,2023-05-09 04:36:00,75.0,4,10,7.5,7.6923076923076925
1692,25,58.0,2023-05-09 20:40:00,2023-05-23 11:21:00,100.0,5,13,7.6923076923076925,10.714285714285714
1693,25,59.0,2023-05-23 20:49:00,2023-05-31 13:22:00,75.0,5,7,10.714285714285714,9.090909090909092
1694,25,60.0,2023-05-31 20:01:00,2023-06-12 16:30:00,100.0,5,11,9.090909090909092,7.3
1695,25,61.0,2023-06-13 09:44:00,2023-06-23 12:05:00,73.0,6,10,7.3,16.0
1696,25,62.0,2023-06-23 20:38:00,2023-06-29 12:27:00,80.0,6,5,16.0,16.666666666666668
1697,25,63.0,2023-06-30 10:30:00,2023-07-06 14:50:00,100.0,6,6,16.666666666666668,5.730769230769231
1698,25,64.0,2023-07-07 12:51:00,2023-07-20 14:33:00,74.5,7,13,5.730769230769231,8.333333333333334
1699,25,65.0,2023-07-21 13:33:00,2023-08-02 13:37:00,100.0,7,12,8.333333333333334,25.0
1700,25,66.0,2023-08-03 10:38:00,2023-08-07 11:59:00,100.0,8,4,25.0,5.625
1701,25,67.0,2023-08-08 08:05:00,2023-08-24 10:37:00,90.0,8,16,5.625,11.0
1702,25,68.0,2023-08-25 11:37:00,2023-09-01 12:04:00,77.0,8,7,11.0,10.0
1704,25,70.0,2023-09-07 14:25:00,2023-09-18 13:27:00,100.0,9,10,10.0,5.294117647058823
1705,25,71.0,2023-09-19 12:28:00,2023-10-06 14:22:00,90.0,9,17,5.294117647058823,10.0
1707,26,0.0,2021-01-04 18:33:00,2021-01-09 11:36:00,60.0,1,4,15.0,5.25
1708,26,1.0,2021-01-09 12:33:00,2021-01-20 02:25:00,52.5,1,10,5.25,2.121212121212121
1709,26,2.0,2021-02-03 10:45:00,2021-03-08 19:11:00,70.0,2,33,2.121212121212121,1.6
1710,26,3.0,2021-03-08 23:51:00,2021-03-29 16:32:00,32.0,3,20,1.6,4.714285714285714
1711,26,4.0,2021-03-31 10:51:00,2021-04-15 09:06:00,66.0,3,14,4.714285714285714,13.875
1712,26,5.0,2021-04-15 16:34:00,2021-04-19 17:52:00,55.5,4,4,13.875,4.0625
1713,26,6.0,2021-04-19 22:32:00,2021-05-06 07:15:00,65.0,4,16,4.0625,22.5
1714,26,7.0,2021-05-06 17:32:00,2021-05-10 10:03:00,67.5,5,3,22.5,2.1875
1715,26,8.0,2021-05-10 16:34:00,2021-05-26 22:53:00,35.0,5,16,2.1875,3.25
1716,26,9.0,2021-05-27 21:38:00,2021-06-17 20:10:00,65.0,5,20,3.25,9.090909090909092
1717,26,10.0,2021-06-18 17:34:00,2021-06-30 05:30:00,100.0,6,11,9.090909090909092,11.285714285714286
1718,26,11.0,2021-06-30 16:43:00,2021-07-07 21:45:00,79.0,6,7,11.285714285714286,8.0
1719,26,12.0,2021-07-08 17:20:00,2021-07-13 15:23:00,32.0,7,4,8.0,6.636363636363637
1720,26,13.0,2021-07-14 09:04:00,2021-07-26 02:00:00,73.0,7,11,6.636363636363637,50.0
1721,26,14.0,2021-07-26 16:00:00,2021-07-29 10:13:00,100.0,7,2,50.0,5.166666666666667
1722,26,15.0,2021-07-29 16:46:00,2021-08-05 15:03:00,31.0,7,6,5.166666666666667,2.5454545454545454
1723,26,16.0,2021-08-06 12:29:00,2021-08-18 09:35:00,28.0,8,11,2.5454545454545454,14.0
1724,26,17.0,2021-08-18 22:39:00,2021-08-24 12:22:00,70.0,8,5,14.0,65.5
1725,26,18.0,2021-08-24 17:03:00,2021-08-26 11:21:00,65.5,8,1,65.5,2.5833333333333335
1726,26,19.0,2021-08-26 16:02:00,2021-09-13 20:46:00,46.5,8,18,2.5833333333333335,4.25
1727,26,20.0,2021-09-14 12:35:00,2021-09-27 11:52:00,51.0,9,12,4.25,30.0
1728,26,21.0,2021-09-27 19:21:00,2021-09-30 10:31:00,60.0,9,2,30.0,3.8333333333333335
1729,26,22.0,2021-09-30 18:00:00,2021-10-19 15:04:00,69.0,9,18,3.8333333333333335,2.338709677419355
1730,26,23.0,2021-10-19 16:57:00,2021-11-20 10:42:00,72.5,10,31,2.338709677419355,2.825
1731,26,24.0,2021-11-20 14:26:00,2021-12-11 11:00:00,56.5,11,20,2.825,6.9
1732,26,25.0,2021-12-11 12:52:00,2021-12-21 22:37:00,69.0,12,10,6.9,6.75
1733,26,26.0,2021-12-22 02:20:00,2022-01-03 11:56:00,81.0,12,12,6.75,13.083333333333334
1734,26,27.0,2022-01-03 21:15:00,2022-01-10 17:54:00,78.5,1,6,13.083333333333334,7.75
1735,26,28.0,2022-01-10 19:47:00,2022-01-17 17:01:00,46.5,1,6,7.75,2.037037037037037
1736,26,29.0,2022-01-17 17:58:00,2022-02-14 06:45:00,55.0,1,27,2.037037037037037,3.5
1737,26,30.0,2022-02-14 18:51:00,2022-03-07 05:45:00,70.0,2,20,3.5,19.0
1738,26,31.0,2022-03-07 18:47:00,2022-03-10 10:07:00,38.0,3,2,19.0,8.9
1739,26,32.0,2022-03-21 18:59:00,2022-04-01 14:44:00,89.0,3,10,8.9,4.076923076923077
1740,26,33.0,2022-04-01 18:29:00,2022-04-15 11:19:00,53.0,4,13,4.076923076923077,30.75
1741,26,34.0,2022-04-15 16:57:00,2022-04-18 10:34:00,61.5,4,2,30.75,14.916666666666666
1742,26,35.0,2022-04-18 18:58:00,2022-04-25 13:53:00,89.5,4,6,14.916666666666666,2.8076923076923075
1743,26,36.0,2022-04-25 19:29:00,2022-05-22 15:57:00,73.0,4,26,2.8076923076923075,2.3125
1744,26,37.0,2022-05-23 17:32:00,2022-06-25 15:55:00,74.0,5,32,2.3125,3.9210526315789473
1745,26,38.0,2022-06-25 18:44:00,2022-07-15 08:16:00,74.5,6,19,3.9210526315789473,3.375
1746,26,39.0,2022-07-15 17:38:00,2022-07-28 17:32:00,40.5,7,12,3.375,4.285714285714286
1747,26,40.0,2022-07-29 08:26:00,2022-08-12 18:21:00,60.0,7,14,4.285714285714286,2.6315789473684212
1748,26,41.0,2022-09-05 20:28:00,2022-10-14 15:05:00,100.0,9,38,2.6315789473684212,1.4878048780487805
1749,26,42.0,2022-10-14 17:54:00,2022-11-25 09:13:00,61.0,10,41,1.4878048780487805,6.769230769230769
1750,26,43.0,2022-11-25 19:29:00,2022-12-08 20:20:00,88.0,11,13,6.769230769230769,4.576923076923077
1751,26,44.0,2022-12-09 17:44:00,2022-12-23 10:43:00,59.5,12,13,4.576923076923077,5.4
1752,26,45.0,2022-12-23 19:06:00,2023-01-03 13:30:00,54.0,12,10,5.4,1.837837837837838
1753,26,46.0,2023-01-03 19:06:00,2023-02-10 13:23:00,68.0,1,37,1.837837837837838,1.6777777777777778
1754,26,47.0,2023-02-10 18:59:00,2023-03-28 03:44:00,75.5,2,45,1.6777777777777778,3.6666666666666665
1755,26,48.0,2023-03-28 18:39:00,2023-04-19 14:01:00,77.0,3,21,3.6666666666666665,3.0172413793103448
1756,26,49.0,2023-04-19 19:38:00,2023-05-19 16:32:00,87.5,4,29,3.0172413793103448,2.671875
1757,26,50.0,2023-05-19 17:28:00,2023-06-21 02:38:00,85.5,5,32,2.671875,71.0
1758,26,51.0,2023-06-21 18:29:00,2023-06-23 10:58:00,71.0,6,1,71.0,4.166666666666667
1759,26,52.0,2023-06-23 18:29:00,2023-07-06 09:38:00,50.0,6,12,4.166666666666667,5.909090909090909
1760,26,53.0,2023-07-06 20:51:00,2023-07-17 22:12:00,65.0,7,11,5.909090909090909,2.9411764705882355
1761,26,54.0,2023-07-18 20:35:00,2023-08-22 04:32:00,100.0,7,34,2.9411764705882355,13.2
1762,26,55.0,2023-08-22 20:26:00,2023-08-27 23:26:00,66.0,8,5,13.2,3.1607142857142856
1763,26,56.0,2023-08-28 21:48:00,2023-09-26 15:28:00,88.5,8,28,3.1607142857142856,4.461538461538462
1764,26,57.0,2021-01-20 03:51:00,2021-02-02 19:08:00,58.0,1,13,4.461538461538462,5.454545454545454
1765,26,58.0,2022-03-10 12:55:00,2022-03-21 14:19:00,60.0,3,11,5.454545454545454,3.1739130434782608
1767,27,0.0,2022-08-22 10:37:00,2022-08-26 06:58:00,64.0,8,3,21.333333333333332,1.4705882352941178
1768,27,1.0,2022-08-26 22:57:00,2022-10-17 08:53:00,75.0,8,51,1.4705882352941178,0.8
1769,27,2.0,2022-10-17 23:53:00,2022-12-27 17:43:00,56.0,10,70,0.8,2.0652173913043477
1770,27,3.0,2022-12-27 23:43:00,2023-01-20 19:18:00,47.5,12,23,2.0652173913043477,33.333333333333336
1771,27,4.0,2023-01-20 22:19:00,2023-01-24 11:58:00,100.0,1,3,33.333333333333336,1.7560975609756098
1772,27,5.0,2023-01-24 19:58:00,2023-03-07 18:08:00,72.0,1,41,1.7560975609756098,2.1481481481481484
1773,27,6.0,2023-03-07 20:08:00,2023-04-04 11:04:00,58.0,3,27,2.1481481481481484,4.8076923076923075
1774,27,7.0,2023-04-04 18:05:00,2023-04-18 08:37:00,62.5,4,13,4.8076923076923075,2.9411764705882355
1775,27,8.0,2023-04-19 00:37:00,2023-05-23 11:50:00,100.0,4,34,2.9411764705882355,3.4482758620689653
1776,27,9.0,2023-05-23 20:50:00,2023-06-22 19:49:00,100.0,5,29,3.4482758620689653,2.1785714285714284
1777,27,10.0,2023-06-22 21:49:00,2023-07-21 05:43:00,61.0,6,28,2.1785714285714284,1.864864864864865
1778,27,11.0,2023-07-27 19:11:00,2023-09-03 09:03:00,69.0,7,37,1.864864864864865,18.5
1779,27,12.0,2023-09-03 14:03:00,2023-09-07 12:27:00,55.5,9,3,18.5,19.0
1780,27,13.0,2023-07-21 11:44:00,2023-07-24 08:09:00,38.0,7,2,19.0,23.166666666666668
1782,27,15.0,2023-07-24 09:10:00,2023-07-27 16:10:00,69.5,7,3,23.166666666666668,1.2758620689655173
1783,27,16.0,2023-09-07 13:28:00,2023-10-07 02:43:00,37.0,9,29,1.2758620689655173,58.0
1791,28,4.0,2021-05-03 17:54:00,2021-05-20 05:29:00,47.0,5,16,2.9375,3.0
1792,28,5.0,2021-05-20 17:19:00,2021-06-07 15:53:00,51.0,5,17,3.0,3.8125
1793,28,6.0,2021-06-07 18:52:00,2021-06-24 09:22:00,61.0,6,16,3.8125,6.590909090909091
1794,28,7.0,2021-06-24 18:17:00,2021-07-06 11:26:00,72.5,6,11,6.590909090909091,5.3
1795,28,8.0,2021-07-06 16:22:00,2021-07-22 14:14:00,79.5,7,15,5.3,3.588235294117647
1796,28,9.0,2021-07-22 16:13:00,2021-08-09 15:48:00,61.0,7,17,3.588235294117647,3.3333333333333335
1797,28,10.0,2021-08-09 19:45:00,2021-08-16 18:10:00,20.0,8,6,3.3333333333333335,2.925
1798,28,11.0,2021-08-17 17:48:00,2021-09-07 14:30:00,58.5,8,20,2.925,5.25
1799,28,12.0,2021-09-07 18:27:00,2021-09-20 12:09:00,63.0,9,12,5.25,3.7857142857142856
1800,28,13.0,2021-09-20 22:01:00,2021-10-05 18:00:00,53.0,9,14,3.7857142857142856,4.761904761904762
1801,28,14.0,2021-10-06 11:41:00,2021-10-28 05:33:00,100.0,10,21,4.761904761904762,3.21875
1802,28,15.0,2021-10-28 09:29:00,2021-11-13 14:28:00,51.5,10,16,3.21875,1.85
1803,28,16.0,2022-01-11 13:41:00,2022-02-21 11:58:00,74.0,1,40,1.85,1.3555555555555556
1804,28,17.0,2022-02-22 10:52:00,2022-04-08 17:11:00,61.0,2,45,1.3555555555555556,6.666666666666667
1805,28,18.0,2022-04-08 19:09:00,2022-04-24 06:01:00,100.0,4,15,6.666666666666667,4.545454545454546
1806,28,19.0,2022-04-24 08:58:00,2022-05-16 17:36:00,100.0,4,22,4.545454545454546,1.5294117647058822
1807,28,20.0,2022-06-28 09:10:00,2022-08-01 13:52:00,52.0,6,34,1.5294117647058822,3.823529411764706
1808,28,21.0,2022-08-01 18:49:00,2022-08-19 13:35:00,65.0,8,17,3.823529411764706,2.772727272727273
1809,28,22.0,2022-08-20 12:33:00,2022-09-11 15:40:00,61.0,8,22,2.772727272727273,2.2758620689655173
1810,28,23.0,2022-09-15 15:44:00,2022-10-15 15:19:00,66.0,9,29,2.2758620689655173,10.5
1811,28,24.0,2022-10-30 12:30:00,2022-11-05 14:31:00,63.0,10,6,10.5,1.0
1812,28,25.0,2022-11-10 13:11:00,2022-11-12 13:12:00,2.0,11,2,1.0,1.0142857142857142
1813,28,26.0,2023-01-23 15:08:00,2023-02-28 14:37:00,35.5,1,35,1.0142857142857142,2.1470588235294117
1814,28,27.0,2023-03-01 12:31:00,2023-04-04 12:34:00,73.0,3,34,2.1470588235294117,0.6590909090909091
1815,28,28.0,2023-04-05 11:24:00,2023-04-28 10:53:00,14.5,4,22,0.6590909090909091,2.7027027027027026
1816,28,29.0,2023-04-29 12:55:00,2023-06-05 13:57:00,100.0,4,37,2.7027027027027026,2.090909090909091
1817,28,30.0,2023-06-05 17:55:00,2023-06-28 15:10:00,46.0,6,22,2.090909090909091,2.5576923076923075
1818,28,31.0,2023-06-29 14:05:00,2023-07-25 15:03:00,66.5,6,26,2.5576923076923075,2.7142857142857144
1819,28,32.0,2023-07-26 14:04:00,2023-08-09 14:53:00,38.0,7,14,2.7142857142857144,37.0
1820,28,33.0,2023-08-22 15:41:00,2023-08-23 15:44:00,37.0,8,1,37.0,0.9454545454545454
1824,28,37.0,2021-11-13 18:24:00,2022-01-08 13:49:00,52.0,11,55,0.9454545454545454,1.3170731707317074
1825,28,38.0,2022-05-16 22:31:00,2022-06-27 13:16:00,54.0,5,41,1.3170731707317074,20.0
1828,28,41.0,2021-02-28 08:53:00,2021-03-06 03:24:00,100.0,2,5,20.0,3.8055555555555554
1832,28,45.0,2021-03-06 08:54:00,2021-03-25 05:39:00,68.5,3,18,3.8055555555555554,22.166666666666668
1834,28,47.0,2021-02-22 08:47:00,2021-02-25 16:21:00,66.5,2,3,22.166666666666668,2.857142857142857
1835,28,48.0,2021-03-28 08:44:00,2021-05-03 03:07:00,100.0,3,35,2.857142857142857,50.0
1837,28,50.0,2021-02-25 20:21:00,2021-02-28 03:51:00,100.0,2,2,50.0,50.0
1838,28,51.0,2021-03-25 18:27:00,2021-03-28 02:51:00,100.0,3,2,50.0,5.0
1845,28,58.0,2021-01-23 04:19:00,2021-02-12 22:12:00,100.0,1,20,5.0,33.333333333333336
1846,28,59.0,2021-01-19 11:15:00,2021-01-22 23:49:00,100.0,1,3,33.333333333333336,12.5
1848,29,0.0,2021-01-12 07:38:00,2021-02-02 01:29:00,34.0,1,20,1.7,24.5
1849,29,1.0,2021-02-02 10:50:00,2021-02-04 18:24:00,49.0,2,2,24.5,2.7941176470588234
1850,29,2.0,2021-02-04 19:20:00,2021-02-22 16:47:00,47.5,2,17,2.7941176470588234,2.7222222222222223
1851,29,3.0,2021-02-22 18:11:00,2021-03-22 16:33:00,73.5,2,27,2.7222222222222223,5.6
1852,29,4.0,2021-03-22 17:29:00,2021-04-01 18:48:00,56.0,3,10,5.6,6.769230769230769
1853,29,5.0,2021-04-02 01:13:00,2021-04-15 13:35:00,88.0,4,13,6.769230769230769,7.85
1854,29,6.0,2021-04-15 19:06:00,2021-04-26 13:15:00,78.5,4,10,7.85,6.428571428571429
1855,29,7.0,2021-04-26 17:51:00,2021-05-03 19:10:00,45.0,4,7,6.428571428571429,4.115384615384615
1856,29,8.0,2021-05-04 02:31:00,2021-05-17 10:42:00,53.5,5,13,4.115384615384615,14.75
1857,29,9.0,2021-05-17 16:14:00,2021-05-23 21:10:00,88.5,5,6,14.75,11.666666666666666
1858,29,10.0,2021-05-24 18:15:00,2021-05-31 11:04:00,70.0,5,6,11.666666666666666,12.333333333333334
1859,29,11.0,2021-05-31 19:21:00,2021-06-07 11:11:00,74.0,5,6,12.333333333333334,4.461538461538462
1860,29,12.0,2021-06-07 18:33:00,2021-06-21 03:34:00,58.0,6,13,4.461538461538462,8.95
1861,29,13.0,2021-06-21 19:10:00,2021-07-02 13:40:00,89.5,6,10,8.95,1.5333333333333334
1862,29,14.0,2021-07-03 08:02:00,2021-08-02 19:27:00,46.0,7,30,1.5333333333333334,6.6
1863,29,15.0,2021-08-03 07:22:00,2021-08-08 22:52:00,33.0,8,5,6.6,12.5
1864,29,16.0,2021-08-09 21:16:00,2021-08-18 11:38:00,100.0,8,8,12.5,19.166666666666668
1865,29,17.0,2021-08-18 20:50:00,2021-08-22 06:34:00,57.5,8,3,19.166666666666668,56.0
1866,29,18.0,2021-08-22 12:05:00,2021-08-24 10:58:00,56.0,8,1,56.0,17.25
1867,29,19.0,2021-09-04 15:15:00,2021-09-09 05:13:00,69.0,9,4,17.25,15.083333333333334
1868,29,20.0,2021-09-09 20:50:00,2021-09-15 21:25:00,90.5,9,6,15.083333333333334,10.0
1869,29,21.0,2021-09-16 16:41:00,2021-09-20 19:38:00,40.0,9,4,10.0,7.142857142857143
1870,29,22.0,2021-09-21 13:59:00,2021-09-29 12:30:00,50.0,9,7,7.142857142857143,65.5
1871,29,23.0,2021-09-29 15:16:00,2021-09-30 17:56:00,65.5,9,1,65.5,4.8
1872,29,24.0,2021-09-30 21:36:00,2021-10-16 10:21:00,72.0,9,15,4.8,5.2631578947368425
1873,29,25.0,2021-10-20 18:13:00,2021-11-09 11:40:00,100.0,10,19,5.2631578947368425,10.0
1874,29,26.0,2021-11-09 19:56:00,2021-11-20 18:16:00,100.0,11,10,10.0,6.25
1875,29,27.0,2021-11-20 21:02:00,2021-12-07 18:16:00,100.0,11,16,6.25,57.0
1876,29,28.0,2021-12-07 21:56:00,2021-12-09 12:25:00,57.0,12,1,57.0,8.333333333333334
1877,29,29.0,2021-12-21 20:43:00,2022-01-03 13:44:00,100.0,12,12,8.333333333333334,7.8
1878,29,30.0,2022-01-03 21:59:00,2022-01-14 10:19:00,78.0,1,10,7.8,7.6923076923076925
1879,29,31.0,2022-01-14 21:19:00,2022-01-28 12:39:00,100.0,1,13,7.6923076923076925,40.0
1880,29,32.0,2022-01-28 21:50:00,2022-01-31 12:00:00,80.0,1,2,40.0,10.0
1881,29,33.0,2022-01-31 21:11:00,2022-02-11 16:50:00,100.0,1,10,10.0,16.666666666666668
1882,29,34.0,2022-02-11 19:36:00,2022-02-18 10:28:00,100.0,2,6,16.666666666666668,50.0
1883,29,35.0,2022-02-18 20:34:00,2022-02-21 14:40:00,100.0,2,2,50.0,33.333333333333336
1884,29,36.0,2022-02-21 20:11:00,2022-02-25 13:34:00,100.0,2,3,33.333333333333336,7.555555555555555
1885,29,37.0,2022-02-25 22:45:00,2022-03-07 10:32:00,68.0,2,9,7.555555555555555,16.666666666666668
1886,29,38.0,2022-03-07 19:43:00,2022-03-14 19:10:00,100.0,3,6,16.666666666666668,33.333333333333336
1887,29,39.0,2022-03-14 22:50:00,2022-03-18 18:25:00,100.0,3,3,33.333333333333336,16.666666666666668
1888,29,40.0,2022-03-18 21:10:00,2022-03-25 10:28:00,100.0,3,6,16.666666666666668,15.083333333333334
1889,29,41.0,2022-03-25 20:34:00,2022-04-01 04:05:00,90.5,3,6,15.083333333333334,17.0
1890,29,42.0,2022-04-01 20:36:00,2022-04-05 22:47:00,68.0,4,4,17.0,100.0
1891,29,43.0,2022-04-05 23:42:00,2022-04-07 20:07:00,100.0,4,1,100.0,15.0
1892,29,44.0,2022-04-08 18:30:00,2022-04-15 10:01:00,90.0,4,6,15.0,8.5
1893,29,45.0,2022-04-15 18:18:00,2022-04-25 19:38:00,85.0,4,10,8.5,29.5
1894,29,46.0,2022-04-26 00:14:00,2022-04-29 15:29:00,88.5,4,3,29.5,13.833333333333334
1895,29,47.0,2022-04-29 20:06:00,2022-05-06 13:51:00,83.0,4,6,13.833333333333334,8.583333333333334
1896,29,48.0,2022-05-06 20:18:00,2022-05-13 17:13:00,51.5,5,6,8.583333333333334,16.666666666666668
1897,29,49.0,2022-05-13 19:59:00,2022-05-20 10:59:00,100.0,5,6,16.666666666666668,6.884615384615385
1898,29,50.0,2022-05-20 22:56:00,2022-06-03 15:26:00,89.5,5,13,6.884615384615385,9.666666666666666
1899,29,51.0,2022-06-03 19:07:00,2022-06-10 11:46:00,58.0,6,6,9.666666666666666,14.75
1900,29,52.0,2022-06-10 20:59:00,2022-06-17 05:16:00,88.5,6,6,14.75,33.5
1901,29,53.0,2022-06-17 19:02:00,2022-06-20 17:12:00,67.0,6,2,33.5,33.333333333333336
1902,29,54.0,2022-06-20 20:53:00,2022-06-24 16:11:00,100.0,6,3,33.333333333333336,5.0
1903,29,55.0,2022-06-24 19:52:00,2022-07-15 16:04:00,100.0,6,20,5.0,50.0
1904,29,56.0,2022-07-16 00:20:00,2022-07-18 01:59:00,100.0,7,2,50.0,5.6923076923076925
1905,29,57.0,2022-07-18 22:17:00,2022-08-01 05:00:00,74.0,7,13,5.6923076923076925,18.666666666666668
1906,29,58.0,2022-08-01 18:47:00,2022-08-05 14:38:00,56.0,8,3,18.666666666666668,8.88888888888889
1907,29,59.0,2022-08-05 22:55:00,2022-08-15 09:32:00,80.0,8,9,8.88888888888889,8.6
1908,29,60.0,2022-08-15 20:34:00,2022-08-26 16:37:00,86.0,8,10,8.6,16.666666666666668
1909,29,61.0,2022-08-26 18:28:00,2022-09-02 06:33:00,100.0,8,6,16.666666666666668,37.0
1910,29,62.0,2022-09-02 22:10:00,2022-09-05 12:02:00,74.0,9,2,37.0,15.0
1911,29,63.0,2022-09-05 21:13:00,2022-09-12 19:05:00,90.0,9,6,15.0,16.666666666666668
1912,29,64.0,2022-09-12 20:55:00,2022-09-19 08:52:00,100.0,9,6,16.666666666666668,23.0
1913,29,65.0,2022-09-19 21:44:00,2022-09-23 13:42:00,69.0,9,3,23.0,16.666666666666668
1914,29,66.0,2022-09-23 20:09:00,2022-09-30 18:15:00,100.0,9,6,16.666666666666668,14.285714285714286
1915,29,67.0,2022-09-30 19:11:00,2022-10-07 19:24:00,100.0,9,7,14.285714285714286,25.0
1916,29,68.0,2022-10-07 23:04:00,2022-10-10 05:36:00,50.0,10,2,25.0,8.75
1917,29,69.0,2022-10-10 22:06:00,2022-10-21 14:45:00,87.5,10,10,8.75,6.923076923076923
1918,29,70.0,2022-10-21 18:26:00,2022-11-04 17:57:00,90.0,10,13,6.923076923076923,16.666666666666668
1919,29,71.0,2022-11-04 18:53:00,2022-11-11 14:12:00,100.0,11,6,16.666666666666668,7.6923076923076925
1920,29,72.0,2022-11-11 18:48:00,2022-11-25 13:13:00,100.0,11,13,7.6923076923076925,9.05
1921,29,73.0,2022-11-25 21:30:00,2022-12-05 22:01:00,90.5,11,10,9.05,14.333333333333334
1922,29,74.0,2022-12-06 17:16:00,2022-12-13 13:35:00,86.0,12,6,14.333333333333334,50.0
1923,29,75.0,2022-12-13 20:00:00,2022-12-16 17:47:00,100.0,12,2,50.0,16.666666666666668
1924,29,76.0,2022-12-16 20:32:00,2022-12-23 02:33:00,100.0,12,6,16.666666666666668,12.666666666666666
1925,29,77.0,2022-12-23 23:38:00,2022-12-30 14:43:00,76.0,12,6,12.666666666666666,14.583333333333334
1926,29,78.0,2022-12-30 23:53:00,2023-01-06 04:30:00,87.5,12,6,14.583333333333334,14.583333333333334
1927,29,79.0,2023-01-06 22:51:00,2023-01-13 12:53:00,87.5,1,6,14.583333333333334,7.6923076923076925
1928,29,80.0,2023-01-13 18:25:00,2023-01-27 15:29:00,100.0,1,13,7.6923076923076925,16.666666666666668
1929,29,81.0,2023-01-27 20:05:00,2023-02-03 18:12:00,100.0,1,6,16.666666666666668,7.6923076923076925
1930,29,82.0,2023-02-03 20:03:00,2023-02-17 15:12:00,100.0,2,13,7.6923076923076925,10.0
1931,29,83.0,2023-02-17 23:28:00,2023-02-28 00:48:00,100.0,2,10,10.0,5.3076923076923075
1932,29,84.0,2023-02-28 21:54:00,2023-03-14 17:13:00,69.0,2,13,5.3076923076923075,10.083333333333334
1933,29,85.0,2023-03-14 21:49:00,2023-03-21 17:23:00,60.5,3,6,10.083333333333334,11.666666666666666
1934,29,86.0,2023-03-21 21:04:00,2023-03-28 13:23:00,70.0,3,6,11.666666666666666,11.11111111111111
1935,29,87.0,2023-03-28 20:44:00,2023-04-06 23:14:00,100.0,3,9,11.11111111111111,10.0
1936,29,88.0,2023-04-07 18:30:00,2023-04-18 07:02:00,100.0,4,10,10.0,5.346153846153846
1937,29,89.0,2023-04-18 22:39:00,2023-05-02 08:53:00,69.5,4,13,5.346153846153846,5.730769230769231
1938,29,90.0,2023-05-02 22:41:00,2023-05-16 12:15:00,74.5,5,13,5.730769230769231,11.5
1939,29,91.0,2023-05-16 19:37:00,2023-05-23 12:17:00,69.0,5,6,11.5,4.28125
1940,29,92.0,2023-05-23 19:39:00,2023-06-09 12:32:00,68.5,5,16,4.28125,20.25
1941,29,93.0,2023-06-09 18:58:00,2023-06-14 17:39:00,81.0,6,4,20.25,68.0
1942,29,94.0,2023-06-14 20:26:00,2023-06-16 19:20:00,68.0,6,1,68.0,20.0
1943,29,95.0,2023-06-16 22:06:00,2023-06-22 15:23:00,100.0,6,5,20.0,3.36
1944,29,96.0,2023-06-22 21:49:00,2023-07-18 19:15:00,84.0,6,25,3.36,5.5
1945,29,98.0,2023-07-19 17:39:00,2023-08-04 19:40:00,88.0,7,16,5.5,5.882352941176471
1946,29,99.0,2023-08-04 21:31:00,2023-08-22 17:35:00,100.0,8,17,5.882352941176471,4.7105263157894735
1947,29,100.0,2023-08-22 23:06:00,2023-09-11 15:58:00,89.5,8,19,4.7105263157894735,38.0
1948,29,101.0,2023-09-11 19:40:00,2023-09-14 12:19:00,76.0,9,2,38.0,11.916666666666666
1949,29,102.0,2023-09-14 17:51:00,2023-09-20 17:56:00,71.5,9,6,11.916666666666666,2.4642857142857144
1950,29,103.0,2023-09-20 19:47:00,2023-10-19 16:15:00,69.0,9,28,2.4642857142857144,4.7
1951,29,104.0,2021-08-24 18:19:00,2021-09-04 12:29:00,47.0,8,10,4.7,12.666666666666666
1952,29,105.0,2021-10-16 18:36:00,2021-10-19 19:50:00,38.0,10,3,12.666666666666666,10.4
1953,29,106.0,2021-12-09 14:16:00,2021-12-14 17:57:00,52.0,12,5,10.4,16.666666666666668
1955,30,0.0,2021-01-04 20:30:00,2021-03-22 11:22:00,63.5,1,76,0.8355263157894737,35.0
1956,30,1.0,2021-03-22 12:19:00,2021-03-25 11:38:00,70.0,3,2,35.0,2.0833333333333335
1957,30,2.0,2021-03-25 18:12:00,2021-05-13 18:03:00,100.0,3,48,2.0833333333333335,20.0
1958,30,3.0,2021-05-13 19:56:00,2021-05-19 07:20:00,100.0,5,5,20.0,1.6829268292682926
1961,30,6.0,2021-05-21 10:48:00,2021-07-01 15:59:00,69.0,5,41,1.6829268292682926,4.0
1962,30,7.0,2021-08-05 18:56:00,2021-08-26 03:43:00,80.0,8,20,4.0,1.7096774193548387
1963,30,8.0,2021-08-26 16:49:00,2021-09-27 11:35:00,53.0,8,31,1.7096774193548387,2.6666666666666665
1964,30,9.0,2021-09-27 20:57:00,2021-10-19 08:40:00,56.0,9,21,2.6666666666666665,0.9183673469387755
1965,30,10.0,2021-10-19 15:13:00,2021-12-07 21:16:00,45.0,10,49,0.9183673469387755,4.818181818181818
1966,30,11.0,2021-12-08 20:00:00,2021-12-20 12:05:00,53.0,12,11,4.818181818181818,1.4545454545454546
1967,30,12.0,2021-12-21 02:04:00,2022-02-14 14:33:00,80.0,12,55,1.4545454545454546,2.6315789473684212
1968,30,13.0,2022-02-14 23:52:00,2022-03-25 16:14:00,100.0,2,38,2.6315789473684212,2.088235294117647
1969,30,14.0,2022-03-25 21:50:00,2022-04-28 23:40:00,71.0,3,34,2.088235294117647,1.5441176470588236
1970,30,15.0,2022-04-29 20:13:00,2022-06-03 14:36:00,52.5,4,34,1.5441176470588236,4.761904761904762
1971,30,16.0,2022-06-03 19:16:00,2022-06-25 10:41:00,100.0,6,21,4.761904761904762,8.222222222222221
1972,30,17.0,2022-06-25 20:03:00,2022-07-04 20:06:00,74.0,6,9,8.222222222222221,6.875
1973,30,18.0,2022-07-05 01:43:00,2022-07-13 06:22:00,55.0,7,8,6.875,1.0547945205479452
1974,30,19.0,2022-08-16 10:01:00,2022-10-28 17:53:00,77.0,8,73,1.0547945205479452,1.4242424242424243
1975,30,20.0,2022-10-30 10:43:00,2022-12-02 16:41:00,47.0,10,33,1.4242424242424243,4.0
1976,30,21.0,2022-12-09 13:49:00,2022-12-27 14:53:00,72.0,12,18,4.0,1.627906976744186
1977,30,22.0,2023-01-02 13:55:00,2023-02-14 14:19:00,70.0,1,43,1.627906976744186,3.05
1978,30,23.0,2023-02-15 13:02:00,2023-03-07 14:40:00,61.0,2,20,3.05,2.4285714285714284
1979,30,24.0,2023-03-09 11:18:00,2023-03-31 09:02:00,51.0,3,21,2.4285714285714284,1.1555555555555554
1980,30,25.0,2023-03-31 23:03:00,2023-05-16 17:25:00,52.0,3,45,1.1555555555555554,1.3297872340425532
1981,30,26.0,2023-05-16 20:14:00,2023-07-03 14:08:00,62.5,5,47,1.3297872340425532,3.0714285714285716
1982,30,27.0,2023-07-03 18:50:00,2023-08-01 13:58:00,86.0,7,28,3.0714285714285716,5.384615384615385
1983,30,28.0,2023-08-02 14:37:00,2023-08-16 13:08:00,70.0,8,13,5.384615384615385,14.285714285714286
1984,30,29.0,2023-08-17 13:43:00,2023-08-24 15:15:00,100.0,8,7,14.285714285714286,25.666666666666668
1985,30,30.0,2023-08-25 13:57:00,2023-08-28 14:13:00,77.0,8,3,25.666666666666668,3.0217391304347827
1987,30,33.0,2021-07-03 07:14:00,2021-07-26 11:56:00,69.5,7,23,3.0217391304347827,40.0
1988,30,34.0,2022-07-13 23:14:00,2022-07-15 15:30:00,40.0,7,1,40.0,11.11111111111111
1990,30,36.0,2021-07-26 19:26:00,2021-08-05 11:26:00,100.0,7,9,11.11111111111111,31.25
1991,30,37.0,2022-08-13 00:04:00,2022-08-15 11:13:00,62.5,8,2,31.25,1.4074074074074074
