ContainerID,cycle_duration_days,Avg_Dist,Spearman,collection_fill_percentage,avg_daily_fill_growth,overflow_flag
1000,21,79.15,52.46908576850801,100.0,4.761904761904762,1
1000,4,76.65517241379311,69.52884784001824,44.0,11.0,0
1000,7,79.07692307692308,83.87546378542577,72.0,10.285714285714286,0
1000,8,75.90322580645162,82.81513230102533,100.0,12.5,1
1000,6,87.66666666666667,77.23025685921158,100.0,16.666666666666668,1
1000,4,77.10344827586206,73.82839856996543,71.0,17.75,0
1000,7,77.5,72.10941129452614,100.0,14.285714285714286,1
1000,10,72.81818181818181,87.08613734553519,73.0,7.3,0
1000,8,64.66666666666666,82.428132559178,100.0,12.5,1
1000,10,89.125,93.35394464416,100.0,10.0,1
1000,7,84.11111111111111,92.1022304261688,88.0,12.571428571428571,1
1000,7,74.08695652173913,62.392455031001305,100.0,14.285714285714286,1
1000,7,80.4090909090909,87.16075896265998,100.0,14.285714285714286,1
1000,7,79.45454545454545,84.96217947941366,100.0,14.285714285714286,1
1000,7,73.2,75.55980698695316,100.0,14.285714285714286,1
1000,7,88.78947368421052,92.53089861189284,100.0,14.285714285714286,1
1000,7,85.94736842105263,94.12550168269875,90.5,12.928571428571429,1
1000,7,88.28571428571429,88.9912791108485,100.0,14.285714285714286,1
1000,7,85.61538461538461,86.77718878246561,100.0,14.285714285714286,1
1000,7,38.5,31.25079420857684,100.0,14.285714285714286,1
1000,15,79.75,79.98571557755058,100.0,6.666666666666667,1
1000,8,80.6,91.50083722884789,100.0,12.5,1
1000,9,81.05263157894737,81.39061913228335,100.0,11.11111111111111,1
1000,6,97.33333333333331,96.6240492659655,74.5,12.416666666666666,0
1000,4,96.44444444444444,96.1919879757386,70.0,17.5,0
1000,4,95.6,77.9199761307608,55.0,13.75,0
1000,5,81.0,88.40303063880603,73.0,14.6,0
1000,7,90.4,88.84730095773006,100.0,14.285714285714286,1
1000,5,86.36842105263158,93.1643019974628,71.0,14.2,0
1000,6,87.25,69.37890061948013,100.0,16.666666666666668,1
1000,5,70.85714285714286,75.46872213874391,55.0,11.0,0
1000,9,87.08333333333333,89.12335563945798,100.0,11.11111111111111,1
1000,5,97.63636363636364,92.48587115682248,57.0,11.4,0
1000,6,62.67857142857143,68.13766821091937,76.0,12.666666666666666,0
1000,8,97.5,80.0,64.0,8.0,0
1000,2,82.58823529411765,83.78403668046028,32.0,16.0,0
1000,4,81.66666666666667,88.73789955234696,100.0,25.0,1
1000,7,87.6923076923077,92.01136842331276,89.0,12.714285714285714,1
1000,5,85.42857142857143,91.89562119494704,78.0,15.6,0
1000,2,81.25,78.59697505212043,88.0,44.0,1
1000,6,68.37931034482759,82.25552965432252,85.5,14.25,1
1000,7,84.25,92.16877922325388,100.0,14.285714285714286,1
1000,7,76.26086956521739,74.85784539259389,100.0,14.285714285714286,1
1000,6,69.96296296296296,64.79898755976468,100.0,16.666666666666668,1
1000,8,87.57142857142857,86.53870714180691,100.0,12.5,1
1000,7,85.78947368421052,82.541816906741,100.0,14.285714285714286,1
1000,7,74.67857142857143,74.36585843582442,76.0,10.857142857142858,0
1000,7,77.16666666666667,80.03769597387515,100.0,14.285714285714286,1
1000,7,78.36842105263158,83.52920833163276,100.0,14.285714285714286,1
1000,6,79.125,85.01025505955529,63.0,10.5,0
1000,14,92.92307692307692,93.09534348850632,100.0,7.142857142857143,1
1000,5,88.66666666666667,82.35584906796976,100.0,20.0,1
1000,3,92.55555555555556,92.7869618527036,45.5,15.166666666666666,0
1000,4,78.35294117647058,78.7699616087147,69.5,17.375,0
1000,7,95.33333333333331,88.27348295047494,77.5,11.071428571428571,0
1000,3,91.33333333333331,91.5385729888094,61.0,20.333333333333332,0
1000,4,91.71428571428572,94.56108576893006,51.5,12.875,0
1000,4,88.875,83.84586528160266,57.5,14.375,0
1000,7,76.4090909090909,87.22457500494477,100.0,14.285714285714286,1
1000,7,72.76190476190476,76.57775748267912,100.0,14.285714285714286,1
1000,7,81.26315789473685,87.87359792202548,100.0,14.285714285714286,1
1000,7,89.71428571428571,93.70308757062716,90.0,12.857142857142858,1
1000,7,93.0,93.29543706664492,87.5,12.5,1
1000,4,100.0,97.46794344808964,71.0,17.75,0
1000,4,76.05263157894737,80.53710033229841,36.0,9.0,0
1000,7,90.85714285714286,82.19112237182534,100.0,14.285714285714286,1
1000,10,75.5909090909091,72.91345417481921,100.0,10.0,1
1000,7,96.125,89.61272244559315,100.0,14.285714285714286,1
1000,4,89.25,91.3223320977314,39.0,9.75,0
1000,3,87.6,83.34762598987156,80.0,26.666666666666668,1
1000,3,77.4090909090909,83.87702136492271,56.0,18.666666666666668,0
1000,7,83.47826086956522,92.85494218411554,100.0,14.285714285714286,1
1000,7,70.45833333333333,76.94697666674378,100.0,14.285714285714286,1
1000,7,88.0,94.36853723733584,88.5,12.642857142857142,1
1000,3,73.77272727272728,80.95490994441536,100.0,33.333333333333336,1
1000,7,79.81818181818181,84.99467814590368,100.0,14.285714285714286,1
1000,7,88.82352941176471,89.73232392791304,90.0,12.857142857142858,1
1000,7,81.5909090909091,87.19967859370408,100.0,14.285714285714286,1
1000,7,77.8,90.5628005781728,100.0,14.285714285714286,1
1000,7,74.0,82.06728209522433,100.0,14.285714285714286,1
1000,7,88.61538461538461,79.33799724673449,86.0,12.285714285714286,1
1000,4,78.53333333333333,89.24044505160424,49.0,12.25,0
1000,7,81.63636363636364,89.81347290680131,100.0,14.285714285714286,1
1000,4,68.75,78.60688149015907,100.0,25.0,1
1000,6,79.33333333333333,90.17599369819176,100.0,16.666666666666668,1
1000,4,79.66666666666667,85.33011484916683,90.5,22.625,1
1000,7,85.44444444444444,86.19322310183946,100.0,14.285714285714286,1
1000,3,85.41666666666667,85.76569119904063,50.5,16.833333333333332,0
1000,4,76.76,88.78629197689047,68.0,17.0,0
1000,7,82.24,91.35393541443634,100.0,14.285714285714286,1
1000,7,100.0,96.36241116594316,100.0,14.285714285714286,1
1000,3,84.04166666666667,90.5368370521245,73.0,24.333333333333332,0
1000,7,80.42857142857143,91.0565189960609,100.0,14.285714285714286,1
1000,7,77.0,83.03707538468787,100.0,14.285714285714286,1
1000,7,83.53846153846155,87.07219028486041,100.0,14.285714285714286,1
1000,4,95.0,93.98272507881656,62.0,15.5,0
1000,3,90.75,73.19250547114,55.0,18.333333333333332,0
1000,4,75.56,84.71786235311694,39.0,9.75,0
1000,6,86.25,89.28337533084465,100.0,16.666666666666668,1
1000,7,83.0,92.6757076061675,100.0,14.285714285714286,1
1000,7,87.8,88.4162778312701,100.0,14.285714285714286,1
1000,4,80.44444444444444,87.47454191623667,65.0,16.25,0
1000,6,78.75,88.86017810165339,100.0,16.666666666666668,1
1000,7,92.11764705882354,95.51888512249678,100.0,14.285714285714286,1
1000,7,100.0,95.43135154205278,89.0,12.714285714285714,1
1000,4,71.32,73.59914254434375,56.0,14.0,0
1000,7,83.04761904761905,88.73728006127423,88.5,12.642857142857142,1
1000,7,80.38095238095238,81.34603067312166,91.0,13.0,1
1000,7,72.53846153846155,83.59709164361216,91.0,13.0,1
1000,7,81.52173913043478,76.03509103165551,100.0,14.285714285714286,1
1000,7,89.21428571428571,88.74588342445942,100.0,14.285714285714286,1
1000,7,100.0,100.0,100.0,14.285714285714286,1
1000,3,86.78571428571429,82.59931931392882,57.0,19.0,0
1000,4,80.27777777777777,75.92534679044569,100.0,25.0,1
1000,7,75.52631578947368,74.32907334069164,100.0,14.285714285714286,1
1000,7,95.07142857142856,95.01028948315334,81.5,11.642857142857142,1
1000,7,88.66666666666667,84.87694648841781,100.0,14.285714285714286,1
1000,3,91.4375,93.58514768750304,57.0,19.0,0
1000,7,64.3,76.57067996943174,100.0,14.285714285714286,1
1000,7,91.77777777777776,87.39804390886586,100.0,14.285714285714286,1
1000,4,84.21052631578948,94.3486458770606,56.0,14.0,0
1000,7,79.9047619047619,86.07693689960585,100.0,14.285714285714286,1
1000,7,87.0,90.30259356496026,100.0,14.285714285714286,1
1000,3,92.78571428571428,95.22403618633832,65.0,21.666666666666668,0
1000,7,84.10526315789474,83.10679212273669,100.0,14.285714285714286,1
1000,7,82.68181818181819,91.08607962755951,72.0,10.285714285714286,0
1000,7,91.0625,91.6494158095548,100.0,14.285714285714286,1
1000,7,94.5,85.18174446893666,100.0,14.285714285714286,1
1000,7,97.11111111111111,94.48947491422108,68.0,9.714285714285714,0
1000,4,89.125,96.01275952326584,54.0,13.5,0
1000,7,93.3846153846154,96.53051127427015,100.0,14.285714285714286,1
1000,7,88.8,95.0195444633872,100.0,14.285714285714286,1
1000,7,89.06666666666666,88.51115814426561,100.0,14.285714285714286,1
1000,7,92.70588235294116,94.3361199821919,100.0,14.285714285714286,1
1000,7,86.07142857142857,94.02861976979884,100.0,14.285714285714286,1
1000,6,83.91666666666667,78.59697505212043,88.0,14.666666666666666,1
1000,4,76.47368421052632,87.5779423078966,72.5,18.125,0
1000,7,87.19047619047619,93.91477180647688,100.0,14.285714285714286,1
1000,7,82.84210526315789,80.56316521735471,100.0,14.285714285714286,1
1000,7,83.0,80.25025545847197,100.0,14.285714285714286,1
1000,7,90.27272727272728,90.58069650472548,100.0,14.285714285714286,1
1000,4,71.21428571428572,59.51458521900209,68.0,17.0,0
1000,3,92.5,88.78560065057219,77.0,25.666666666666668,0
1000,4,85.6,72.5354263397638,64.0,16.0,0
1000,3,72.42307692307692,72.43464941062373,100.0,33.333333333333336,1
1000,4,67.0625,82.27654170084553,74.0,18.5,0
1000,10,40.8,22.360679774997894,100.0,10.0,1
1000,2,100.0,100.0,63.0,31.5,0
1000,1,100.0,100.0,42.0,42.0,0
1000,0,92.0,93.39431975353206,67.0,inf,0
1000,4,100.0,100.0,90.0,22.5,1
1000,0,90.9375,88.82506499560616,100.0,inf,1
1000,7,78.66666666666667,83.1266948624119,100.0,14.285714285714286,1
1000,4,77.35294117647058,75.34051940783678,100.0,25.0,1
1000,6,87.65,89.50643379032898,100.0,16.666666666666668,1
1000,6,82.78947368421052,83.81735420539198,100.0,16.666666666666668,1
1000,6,88.14285714285714,92.59809833040748,100.0,16.666666666666668,1
1000,6,100.0,96.36241116594316,100.0,16.666666666666668,1
1000,3,99.25,91.3223320977314,81.0,27.0,1
1000,5,77.63157894736842,79.20781703702119,63.0,12.6,0
1000,6,95.0,95.67172612055052,100.0,16.666666666666668,1
1000,4,100.0,97.8945010372561,72.0,18.0,0
1000,5,82.15384615384616,77.33568338399742,77.0,15.4,0
1000,3,100.0,100.0,58.0,19.333333333333332,0
1000,0,71.33333333333333,55.43893775997781,54.0,inf,0
1000,3,79.34782608695653,84.70809483339724,75.0,25.0,0
1000,6,69.0,79.17153850971796,100.0,16.666666666666668,1
1000,7,82.0,87.09360452418262,100.0,14.285714285714286,1
1000,7,81.73913043478261,85.64373226902505,100.0,14.285714285714286,1
10037,0,72.0909090909091,83.1493224650815,100.0,inf,1
10037,30,95.28571428571428,88.81730728107473,88.0,2.933333333333333,1
10037,21,72.63888888888889,84.50153626528254,63.0,3.0,0
10037,21,71.18604651162791,83.8173993530589,87.0,4.142857142857143,1
10037,28,81.45161290322581,83.48390295123562,88.5,3.1607142857142856,1
10037,21,79.03571428571428,75.02401936258481,72.5,3.4523809523809526,0
10037,21,76.92105263157895,87.64151873000992,89.0,4.238095238095238,1
10037,19,90.11111111111111,55.72277623518607,89.5,4.7105263157894735,1
10037,15,90.92307692307692,93.3865504295915,51.0,3.4,0
10037,26,93.36,84.53130488243391,89.5,3.4423076923076925,1
10037,18,78.96875,74.06038711422138,51.0,2.8333333333333335,0
10037,17,97.9,83.3002265238681,51.0,3.0,0
10037,8,88.15789473684211,78.53599270233076,66.5,8.3125,0
10037,13,79.36363636363636,38.324522968228905,51.5,3.9615384615384617,0
10037,19,83.15789473684211,64.76053587174113,39.5,2.0789473684210527,0
10037,17,88.38461538461539,84.72182828683066,39.0,2.2941176470588234,0
10037,18,100.0,86.60254037844386,67.0,3.7222222222222223,0
10037,28,79.70588235294117,29.109086821372976,36.0,1.2857142857142858,0
10037,16,83.45833333333333,86.03340813066751,34.5,2.15625,0
10037,18,87.8,44.87745552040594,73.5,4.083333333333333,0
10037,7,100.0,73.65895075034007,60.0,8.571428571428571,0
10037,24,94.16666666666669,83.42886773574533,57.0,2.375,0
10037,14,82.79069767441861,88.18743084864889,58.0,4.142857142857143,0
10037,31,69.71428571428572,30.631873731649005,66.0,2.129032258064516,0
10037,4,92.3,79.48371766186071,64.0,16.0,0
10037,14,80.48888888888888,89.6346400256453,54.5,3.892857142857143,0
10037,28,94.17391304347828,84.77568580141643,84.0,3.0,1
10037,18,95.7,82.66306636833512,56.0,3.111111111111111,0
10037,15,80.41666666666667,76.59726097664502,100.0,6.666666666666667,1
10037,16,85.8529411764706,89.42505166489715,64.5,4.03125,0
10037,24,83.41304347826087,54.79802752884921,60.0,2.5,0
10037,32,87.48148148148148,88.25868240311814,78.5,2.453125,0
10037,39,84.85,62.66459742545772,64.5,1.6538461538461537,0
10037,14,97.65,72.8927508594325,62.0,4.428571428571429,0
10037,35,72.84848484848484,39.52605519032324,76.5,2.1857142857142855,0
10037,21,92.94736842105264,86.02187526506285,62.0,2.9523809523809526,0
10037,14,92.33333333333331,80.87523726832197,83.5,5.964285714285714,1
10037,35,87.28,66.45743940211185,66.5,1.9,0
10037,18,81.25,65.10184788946424,45.0,2.5,0
10037,28,90.8095238095238,77.71951865249316,90.5,3.232142857142857,1
10037,17,97.5,82.0958209447198,100.0,5.882352941176471,1
10037,28,69.73913043478261,65.59339250926098,73.0,2.607142857142857,0
10037,18,77.32608695652173,87.76388492254209,74.0,4.111111111111111,0
10037,29,93.23529411764706,89.47517175336121,100.0,3.4482758620689653,1
10037,27,91.04651162790698,73.89293054734458,72.5,2.685185185185185,0
10037,35,78.65625,81.82736068995177,70.5,2.0142857142857142,0
10037,22,93.45833333333331,75.28888047900388,63.0,2.8636363636363638,0
10037,13,74.05263157894737,58.31180296238768,58.0,4.461538461538462,0
10073,0,87.6,31.976750812120773,64.0,inf,0
10073,17,76.92380952380952,56.26786159843002,36.5,2.1470588235294117,0
10073,45,68.9468085106383,67.51224977085968,100.0,2.2222222222222223,1
10073,63,54.013333333333335,72.80710478642459,71.0,1.126984126984127,0
10073,59,84.39024390243902,69.355866395979,67.5,1.1440677966101696,0
10073,36,75.20338983050847,64.09995929073655,15.0,0.4166666666666667,0
10073,45,84.0,63.9122680921667,79.0,1.7555555555555555,0
10073,7,79.3076923076923,-5.678284929289601,53.0,7.571428571428571,0
10073,19,82.44444444444444,22.786635759382495,62.0,3.263157894736842,0
10073,3,95.88372093023256,88.64711409223234,57.0,19.0,0
10073,42,90.5909090909091,57.18196756226867,36.0,0.8571428571428571,0
10073,20,90.89655172413794,81.44796066510112,55.5,2.775,0
10073,53,78.65625,48.62941612476024,37.5,0.7075471698113207,0
10073,22,100.0,57.735026918962575,53.0,2.409090909090909,0
10073,6,80.22727272727272,-34.09564726637643,36.0,6.0,0
10073,16,65.15517241379311,70.55043578512004,72.0,4.5,0
10073,45,100.0,100.0,64.0,1.4222222222222223,0
10073,1,71.66666666666667,34.78626213914691,61.0,61.0,0
10073,2,100.0,100.0,57.5,28.75,0
10073,0,100.0,100.0,62.0,inf,0
10073,0,97.33333333333331,50.0,62.0,inf,0
10073,1,96.66666666666669,72.53886024843689,60.0,60.0,0
10073,16,100.0,86.60254037844388,79.0,4.9375,0
10073,1,78.38095238095238,77.65513509608103,79.0,79.0,0
10073,9,77.9375,63.01885472158446,100.0,11.11111111111111,1
10073,12,40.351851851851855,25.335161712131228,81.0,6.75,1
10073,30,94.8,87.2081599272381,70.0,2.3333333333333335,0
10073,1,78.16666666666667,52.17939320872035,59.0,59.0,0
10073,1,100.0,86.60254037844388,63.0,63.0,0
10073,0,75.6,15.389675281277311,62.0,inf,0
10073,2,100.0,100.0,55.5,27.75,0
10073,0,85.16666666666667,38.25184261187248,58.0,inf,0
10073,3,43.027027027027025,6.457805511749096,54.5,18.166666666666668,0
10073,51,74.80645161290323,28.809964676729795,59.5,1.1666666666666667,0
10073,43,93.95238095238096,71.81842611124554,58.0,1.3488372093023255,0
10073,21,98.66666666666669,86.96565534786727,52.0,2.4761904761904763,0
10073,35,94.57142857142856,95.71609946305426,69.5,1.9857142857142858,0
10073,31,93.15,55.09651939370418,71.0,2.2903225806451615,0
10073,25,91.46428571428572,88.63464178831548,10.5,0.42,0
10073,50,92.0,75.38086787175358,75.5,1.51,0
10073,34,71.55,67.42224984914928,53.0,1.5588235294117647,0
10073,17,84.125,64.65106734154298,55.5,3.264705882352941,0
10076,0,64.7843137254902,69.64909331514616,77.0,inf,0
10076,30,74.16,62.5894593523303,100.0,3.3333333333333335,1
10076,15,76.5,86.10903537261547,37.5,2.5,0
10076,11,83.375,86.82079549420268,100.0,9.090909090909092,1
10076,14,77.0,53.629161437801166,59.0,4.214285714285714,0
10076,3,83.25,91.32850456169692,67.5,22.5,0
10076,7,91.6470588235294,85.99827866735133,100.0,14.285714285714286,1
10076,11,91.76190476190476,93.20796123421816,100.0,9.090909090909092,1
10076,31,86.09302325581396,92.33906274562814,100.0,3.225806451612903,1
10076,32,78.20588235294117,41.972765902510936,73.5,2.296875,0
10076,30,100.0,100.0,72.0,2.4,0
10076,0,52.868852459016395,-26.89332442948624,61.0,inf,0
10076,37,88.25,70.84319137344926,56.5,1.527027027027027,0
10076,17,95.95,89.58214220953394,74.0,4.352941176470588,0
10076,36,82.0,78.94879284845034,57.5,1.5972222222222223,0
10076,21,82.08571428571429,45.92783622547495,61.5,2.9285714285714284,0
10076,28,95.64864864864865,77.47884415456444,49.0,1.75,0
10076,34,96.86666666666666,94.92890318311922,52.0,1.5294117647058822,0
10076,53,91.89285714285714,81.0040581877445,73.5,1.3867924528301887,0
10076,24,84.17391304347827,70.65183418841204,47.5,1.9791666666666667,0
10076,35,84.97222222222223,87.07484649610096,53.0,1.5142857142857142,0
10076,28,85.86842105263158,91.96044132253084,68.0,2.4285714285714284,0
10076,28,99.67647058823528,91.34930475942734,62.5,2.232142857142857,0
10076,32,89.86111111111111,93.68015542588624,50.0,1.5625,0
10076,24,93.06451612903226,94.59978108587802,100.0,4.166666666666667,1
10076,25,83.33333333333333,75.96032309393595,60.5,2.42,0
10076,14,57.97619047619048,78.9366206120522,58.0,4.142857142857143,0
10076,28,84.92307692307692,49.63711518571303,84.5,3.017857142857143,1
10076,21,96.34375,78.03313033618447,52.0,2.4761904761904763,0
10076,32,81.18181818181819,64.26961458176102,9.0,0.28125,0
10076,45,98.28571428571428,83.65019125713043,55.5,1.2333333333333334,0
10076,4,83.25,29.578198238567943,63.0,15.75,0
10076,6,86.66666666666667,44.13674147523747,51.0,8.5,0
10076,1,79.17857142857143,71.11013633488396,51.0,51.0,0
10076,14,83.55,66.17272752934748,72.0,5.142857142857143,0
10076,14,78.16666666666667,60.106283586212896,61.0,4.357142857142857,0
10076,7,100.0,100.0,45.5,6.5,0
10076,0,94.55555555555556,49.145165815992776,29.0,inf,0
10076,22,48.958333333333336,-1.0032769066525549,64.0,2.909090909090909,0
10076,12,75.0,46.22534556135241,57.5,4.791666666666667,0
10076,4,90.33333333333331,89.6163105714996,64.0,16.0,0
10076,28,81.92,76.01600975202786,56.0,2.0,0
10076,17,98.24,64.81921914256257,75.5,4.4411764705882355,0
10076,23,97.13636363636364,86.52648115275291,31.0,1.3478260869565217,0
10076,22,76.95,69.40817064100287,31.0,1.4090909090909092,0
10076,6,82.56410256410257,85.16566108837647,68.0,11.333333333333334,0
10076,28,84.95,90.66500933699506,100.0,3.5714285714285716,1
10076,14,84.75,93.09645383979948,50.0,3.5714285714285716,0
10077,0,90.84347826086956,81.13206179863136,100.0,inf,1
10077,100,91.3793103448276,86.94266097927019,50.0,0.5,0
10077,76,77.52941176470588,19.38740497744293,53.5,0.7039473684210527,0
10077,40,87.92307692307692,16.746502951079737,37.5,0.9375,0
10077,9,95.06349206349206,69.1114423992741,30.0,3.3333333333333335,0
10077,59,94.34883720930232,63.71454400911928,50.5,0.8559322033898306,0
10077,38,64.81944444444444,73.43865936575004,62.0,1.631578947368421,0
10077,59,96.61111111111111,73.40490487817492,77.0,1.305084745762712,0
10077,31,97.29729729729728,95.22982942099404,72.0,2.3225806451612905,0
10077,28,99.7608695652174,95.76863952900432,35.0,1.25,0
10077,42,90.825,47.36748547994458,66.0,1.5714285714285714,0
10077,35,71.72727272727272,49.22156637817691,56.0,1.6,0
10077,19,77.92771084337349,80.75636328303328,72.0,3.789473684210526,0
10077,48,89.98,78.81779826942079,100.0,2.0833333333333335,1
10077,38,97.64444444444445,91.96241603931428,54.0,1.4210526315789473,0
10077,36,98.0,81.40824433897139,58.5,1.625,0
10077,35,100.0,86.60254037844388,40.0,1.1428571428571428,0
10077,49,90.82978723404256,91.9650116408094,30.0,0.6122448979591837,0
10077,105,96.57142857142856,79.49191914620265,100.0,0.9523809523809523,1
10077,21,96.05263157894736,94.071766959342,100.0,4.761904761904762,1
10077,17,94.42857142857144,92.20518128616663,45.5,2.676470588235294,0
10077,46,88.6046511627907,90.83956220443812,70.0,1.5217391304347827,0
10077,28,96.17647058823528,86.98534642823914,64.5,2.3035714285714284,0
10078,0,88.11111111111111,87.0257738278001,56.0,inf,0
10078,28,72.12,69.88449190331613,34.5,1.2321428571428572,0
10078,42,77.26027397260273,75.36340695058253,64.0,1.5238095238095237,0
10078,49,62.75806451612903,62.0616548461398,69.0,1.4081632653061225,0
10078,22,95.6923076923077,51.12449912311524,90.0,4.090909090909091,1
10078,12,86.89285714285714,69.65636778402555,58.0,4.833333333333333,0
10078,18,83.33333333333333,78.35361894996309,48.0,2.6666666666666665,0
10078,32,81.625,51.234753829797995,42.0,1.3125,0
10078,4,92.66666666666669,50.0,47.0,11.75,0
10078,1,100.0,77.45966692414834,35.0,35.0,0
10078,3,82.08064516129032,60.45809636428226,35.0,11.666666666666666,0
10078,47,80.125,70.65994945288227,54.0,1.148936170212766,0
10078,2,80.72222222222223,72.9218557055994,64.0,32.0,0
10078,24,74.0,19.278507708475196,70.0,2.9166666666666665,0
10078,1,74.27272727272728,57.9605489255633,67.0,67.0,0
10078,38,82.5,70.30251714979785,86.0,2.263157894736842,1
10078,27,90.34615384615384,72.24550645998124,72.5,2.685185185185185,0
10078,46,95.0,36.63806339329575,50.5,1.0978260869565217,0
10078,9,72.8,26.801813713575772,38.0,4.222222222222222,0
10078,2,100.0,86.60254037844388,38.0,19.0,0
10078,0,100.0,100.0,38.0,inf,0
10078,0,100.0,86.60254037844388,38.0,inf,0
10078,1,81.0,60.12146850087665,38.0,38.0,0
10078,25,87.96666666666667,84.00989152602777,88.5,3.54,1
10078,25,73.65384615384616,46.52299841091037,74.0,2.96,0
10078,29,80.9090909090909,55.37887933587765,37.0,1.2758620689655173,0
10078,3,88.27272727272728,3.4791871296330052,47.0,15.666666666666666,0
10078,6,100.0,94.8683298050514,46.5,7.75,0
10078,2,90.6,87.39495859532623,61.0,30.5,0
10078,5,72.65,52.851590704313246,71.5,14.3,0
10078,12,92.4390243902439,89.89400757319319,50.0,4.166666666666667,0
10078,36,82.5,69.82532518267539,53.0,1.4722222222222223,0
10078,1,73.63265306122449,78.5447015031531,81.0,81.0,1
10078,21,75.9375,52.0513247378934,65.0,3.0952380952380953,0
10078,15,73.58333333333333,18.187482407803305,66.0,4.4,0
10078,15,100.0,89.44271909999158,48.5,3.2333333333333334,0
10078,2,100.0,100.0,53.0,26.5,0
10078,1,100.0,86.60254037844388,51.0,51.0,0
10078,1,73.8,8.537388878740078,51.0,51.0,0
10078,8,80.70731707317073,87.64144966980508,48.0,6.0,0
10078,29,89.5632183908046,72.16766658214414,51.0,1.7586206896551724,0
10078,73,84.72340425531915,70.58103961310353,58.5,0.8013698630136986,0
10078,35,58.42307692307692,67.00411864003205,71.0,2.0285714285714285,0
10078,60,55.44444444444444,60.22681483521474,54.0,0.9,0
10078,52,83.21666666666667,75.91888173220596,59.0,1.1346153846153846,0
10078,48,82.24,81.98339219466759,61.0,1.2708333333333333,0
10078,20,83.35135135135135,71.1698640334549,81.0,4.05,1
10079,0,80.72727272727272,70.80084821987143,62.5,inf,0
10079,10,82.07462686567165,62.45386352964998,58.5,5.85,0
10079,39,75.96610169491525,42.40803188484031,40.5,1.0384615384615385,0
10079,24,81.18571428571428,82.44994281119929,54.0,2.25,0
10079,56,97.45454545454544,94.66972239569016,68.0,1.2142857142857142,0
10079,25,88.66666666666667,91.22863175692552,100.0,4.0,1
10079,3,88.82456140350877,87.94315569954135,100.0,33.333333333333336,1
10079,46,76.15151515151516,68.90661188974931,70.5,1.5326086956521738,0
10079,21,99.88235294117646,92.62019759573931,32.5,1.5476190476190477,0
10079,15,80.53061224489795,67.61977879351643,30.0,2.0,0
10079,30,76.42105263157895,63.74561586231642,73.0,2.433333333333333,0
10079,37,90.51428571428572,77.69048920537774,59.0,1.5945945945945945,0
10079,27,74.61290322580645,85.12209531572093,100.0,3.7037037037037037,1
10079,24,93.87096774193547,92.16811154048428,62.5,2.6041666666666665,0
10079,21,82.35,62.26705068387912,71.0,3.380952380952381,0
10079,28,99.33333333333331,89.50551826101827,53.0,1.8928571428571428,0
10079,25,96.76190476190476,64.15217699092493,71.0,2.84,0
10079,17,94.77272727272728,81.18958599917264,54.0,3.176470588235294,0
10079,56,94.76923076923076,42.81833305851181,52.0,0.9285714285714286,0
10079,10,100.0,100.0,70.0,7.0,0
10079,1,75.96875,70.9811220114783,67.0,67.0,0
10079,42,80.0,82.22716480432948,71.0,1.6904761904761905,0
10079,31,87.1875,42.80863447390446,100.0,3.225806451612903,1
10079,11,87.68,88.24169858567126,64.0,5.818181818181818,0
10079,17,90.33333333333331,83.10952227338628,74.0,4.352941176470588,0
10079,11,81.625,61.50498864129818,58.0,5.2727272727272725,0
10079,10,85.11111111111111,34.10049906815511,52.0,5.2,0
10079,4,94.1875,75.84237301183785,62.0,15.5,0
10079,39,82.23529411764706,86.8894849074878,53.0,1.358974358974359,0
10079,24,95.03571428571428,82.87338357644116,76.5,3.1875,0
10079,21,78.0,78.77154372041782,52.5,2.5,0
10079,18,90.0909090909091,76.41415880506635,47.0,2.611111111111111,0
10079,34,98.91836734693878,84.15587230968437,52.0,1.5294117647058822,0
10079,42,65.62,78.8907231397211,75.0,1.7857142857142858,0
10079,28,95.57894736842104,86.79173688326445,88.0,3.142857142857143,1
10079,14,97.55555555555556,87.8903681754562,55.0,3.9285714285714284,0
10079,13,85.04166666666667,11.67433998246213,76.0,5.846153846153846,0
10079,18,76.86111111111111,77.19754792157309,54.5,3.0277777777777777,0
10079,25,83.76,95.40977876543128,67.0,2.68,0
10079,16,88.5,71.65410061057311,100.0,6.25,1
10079,4,89.12,79.78364422890878,100.0,25.0,1
10079,16,68.09375,71.33935019465743,87.0,5.4375,1
10079,13,85.80952380952381,87.89538071401594,87.5,6.730769230769231,1
10079,13,89.87878787878788,80.41232829159776,56.0,4.3076923076923075,0
10081,0,79.5625,55.397300453114525,42.5,inf,0
10081,24,85.33333333333333,36.976095499904794,54.0,2.25,0
10081,1,71.93103448275862,57.66344431434701,33.0,33.0,0
10081,17,96.0,80.0,45.0,2.6470588235294117,0
10081,3,56.5,70.65891074574894,67.0,22.333333333333332,0
10081,25,76.84615384615384,72.1676275701191,100.0,4.0,1
10081,10,85.85106382978724,63.57915236971382,45.5,4.55,0
10081,35,72.25757575757575,60.25203919715579,66.5,1.9,0
10081,51,100.0,91.2870929175277,64.0,1.2549019607843137,0
10081,5,59.888888888888886,-21.29918699323913,100.0,20.0,1
10081,14,98.0,80.511756018254,88.5,6.321428571428571,1
10081,6,95.8,78.65665062071157,73.0,12.166666666666666,0
10081,7,98.0,41.43895099413537,100.0,14.285714285714286,1
10081,10,96.1818181818182,50.48713746045669,100.0,10.0,1
10081,9,91.64285714285714,73.1367432611265,100.0,11.11111111111111,1
10081,24,67.36170212765958,65.31358636424393,71.0,2.9583333333333335,0
10081,33,86.55882352941177,82.08567009795593,67.5,2.0454545454545454,0
10081,25,93.22222222222224,57.144874863489214,74.0,2.96,0
10081,7,98.07692307692308,81.71100349269021,76.0,10.857142857142858,0
10081,10,90.34285714285714,64.00267575567983,100.0,10.0,1
10081,29,83.3076923076923,61.65616038028523,50.0,1.7241379310344827,0
10081,19,80.83333333333333,57.00548383626172,88.5,4.657894736842105,1
10081,21,73.79411764705883,86.35201220708043,60.5,2.880952380952381,0
10081,46,85.125,76.94497115373635,79.5,1.7282608695652173,0
10081,10,80.11764705882354,46.25532179674624,68.0,6.8,0
10081,11,84.83333333333333,83.04932205873754,65.0,5.909090909090909,0
10081,49,99.9,80.87884639650137,84.5,1.7244897959183674,1
10081,17,83.24561403508773,64.06896327662727,74.0,4.352941176470588,0
10081,49,73.4367816091954,80.99857563815704,68.5,1.3979591836734695,0
10081,60,89.58823529411765,79.95977298908188,67.5,1.125,0
10081,25,76.40625,77.79755469633359,100.0,4.0,1
10081,42,78.52941176470588,45.22999072000614,53.5,1.2738095238095237,0
10081,24,84.48275862068965,84.62404470489602,36.5,1.5208333333333333,0
10081,18,81.96385542168674,88.70467215226098,100.0,5.555555555555555,1
10081,59,87.71794871794872,88.82728430703521,61.5,1.0423728813559323,0
10081,32,77.04761904761905,77.2718894043364,68.0,2.125,0
10081,52,90.4,92.072112602909,55.0,1.0576923076923077,0
10081,20,89.72,84.60737999140892,89.5,4.475,1
10081,46,72.2962962962963,91.62751523050704,62.0,1.3478260869565217,0
10083,0,92.77777777777776,62.36535151802138,88.5,inf,1
10083,22,78.75806451612902,85.47681154141593,32.5,1.4772727272727273,0
10083,36,78.24242424242425,85.70513200807991,78.0,2.1666666666666665,0
10083,24,60.19230769230769,82.1932068357597,67.0,2.7916666666666665,0
10083,43,83.06896551724138,88.49944789552144,57.5,1.3372093023255813,0
10083,21,92.875,56.63061639364588,59.5,2.8333333333333335,0
10083,5,66.8108108108108,70.88827241633278,67.5,13.5,0
10083,24,84.43243243243244,87.21320770673432,100.0,4.166666666666667,1
10083,22,94.77777777777776,52.72012675161055,59.5,2.7045454545454546,0
10083,7,98.15789473684212,82.60055068065692,59.0,8.428571428571429,0
10083,16,85.8048780487805,65.50447317349801,61.0,3.8125,0
10083,27,95.82857142857142,85.75506541224868,61.0,2.259259259259259,0
10083,30,92.5,72.30712573515176,69.0,2.3,0
10083,24,95.6,77.4141458211566,53.0,2.2083333333333335,0
10083,25,96.27027027027027,87.57906664991594,37.0,1.48,0
10083,30,91.05882352941175,54.00842471461949,52.0,1.7333333333333334,0
10083,14,92.6923076923077,87.24672377821817,100.0,7.142857142857143,1
10083,32,82.15384615384616,81.15307917190984,52.5,1.640625,0
10083,38,76.8157894736842,51.38512341847395,56.0,1.4736842105263157,0
10083,39,83.26415094339623,89.1683107287751,59.0,1.5128205128205128,0
10083,35,85.95555555555555,88.98741043824303,70.0,2.0,0
10083,34,77.34482758620689,74.83973430833218,69.0,2.0294117647058822,0
10083,15,98.85714285714286,79.79678696308814,57.5,3.8333333333333335,0
10083,11,53.6625,63.98071616332972,61.0,5.545454545454546,0
10083,45,95.3913043478261,89.5254125205606,85.5,1.9,1
10083,17,75.17857142857143,59.6012737764447,78.0,4.588235294117647,0
10083,29,95.83333333333331,9.107651110783744,56.5,1.9482758620689655,0
10083,4,80.5,40.0,68.0,17.0,0
10083,0,21.19047619047619,-25.976650582867517,59.0,inf,0
10083,5,93.25,84.55943246644705,68.5,13.7,0
10083,4,79.14893617021276,64.97258229742972,50.5,12.625,0
10083,30,79.75,31.6227766016838,60.0,2.0,0
10083,1,88.71875,74.77363922980193,51.5,51.5,0
10083,25,91.21428571428572,34.66423906644847,38.0,1.52,0
10083,24,88.52941176470588,88.96130607584412,10.5,0.4375,0
10083,39,80.7560975609756,85.04321858347123,69.5,1.7820512820512822,0
10083,31,83.74285714285715,70.9308277960575,51.5,1.6612903225806452,0
10083,27,88.37704918032787,88.97715194540532,49.0,1.8148148148148149,0
10083,49,97.36363636363636,85.60454735665932,62.0,1.2653061224489797,0
10083,7,94.73529411764706,93.30828714310336,69.0,9.857142857142858,0
10083,26,95.71739130434784,87.35403365826772,77.0,2.9615384615384617,0
10083,38,96.2,59.25805110813204,100.0,2.6315789473684212,1
10084,0,88.91428571428571,69.53600876539029,38.0,inf,0
10084,52,75.07407407407408,28.65119263602635,33.0,0.6346153846153846,0
10084,11,94.93548387096774,86.23993970899701,50.0,4.545454545454546,0
10084,59,72.41025641025641,50.5100583096353,50.0,0.847457627118644,0
10084,28,74.8409090909091,80.88150709573883,46.0,1.6428571428571428,0
10084,29,96.27272727272728,82.42063447046424,76.5,2.6379310344827585,0
10084,42,70.7872340425532,86.04057371731433,63.0,1.5,0
10084,31,87.6046511627907,78.33798621600695,87.5,2.8225806451612905,1
10084,40,95.97560975609755,91.84116105973963,36.0,0.9,0
10084,39,91.6153846153846,92.51016552892054,61.0,1.564102564102564,0
10084,24,87.28571428571429,75.00000000000003,32.0,1.3333333333333333,0
10084,3,86.52380952380952,86.42797461651257,74.5,24.833333333333332,0
10084,56,85.1826923076923,93.75310048964587,45.0,0.8035714285714286,0
10084,77,92.0681818181818,88.6732943780238,69.5,0.9025974025974026,0
10084,39,89.61538461538461,89.25616201347036,57.0,1.4615384615384615,0
10084,45,78.95454545454545,65.0085651603934,63.5,1.4111111111111112,0
10084,17,100.0,100.0,50.0,2.9411764705882355,0
10084,1,70.0,42.85355751579345,46.0,46.0,0
10084,14,72.51162790697674,85.96201527890884,58.0,4.142857142857143,0
10084,28,88.36458333333333,88.78461746078602,84.0,3.0,1
10084,88,92.46153846153848,88.72623014676493,87.5,0.9943181818181818,1
10084,24,91.63291139240506,86.71602910195038,28.5,1.1875,0
10084,74,67.975,85.30076302600864,75.0,1.0135135135135136,0
10084,28,82.73015873015873,74.63550220260538,100.0,3.5714285714285716,1
10084,51,72.73611111111111,84.51424749632618,49.0,0.9607843137254902,0
10085,0,86.43181818181819,37.15786871064793,78.0,inf,0
10085,31,93.02777777777776,81.6440240860317,30.0,0.967741935483871,0
10085,63,89.04255319148936,80.21775241849201,71.0,1.126984126984127,0
10085,42,93.84615384615384,78.55915175256602,55.5,1.3214285714285714,0
10085,10,82.25,68.60426204703651,51.0,5.1,0
10085,12,97.74193548387096,70.56036177969828,69.0,5.75,0
10085,29,91.0,20.0,38.0,1.3103448275862069,0
10085,2,89.47368421052632,66.75484978162908,100.0,50.0,1
10085,12,91.42857142857144,10.91089451179962,71.0,5.916666666666667,0
10085,5,100.0,86.60254037844388,100.0,20.0,1
10085,1,100.0,86.60254037844388,100.0,100.0,1
10085,1,100.0,100.0,100.0,100.0,1
10085,1,97.6,89.99999999999999,100.0,100.0,1
10085,3,98.66666666666669,50.0,100.0,33.333333333333336,1
10085,1,100.0,86.60254037844388,100.0,100.0,1
10085,1,55.166666666666664,80.43978137140955,100.0,100.0,1
10085,6,92.69026548672566,89.19817418066307,100.0,16.666666666666668,1
10085,106,100.0,80.85491968654745,81.5,0.7688679245283019,1
10085,55,93.6039603960396,83.08304595767481,50.0,0.9090909090909091,0
10085,95,98.82352941176472,73.81465573601984,56.0,0.5894736842105263,0
10090,0,81.6,43.522777298794495,89.5,inf,1
10090,22,84.92857142857143,73.81328124667327,67.0,3.0454545454545454,0
10090,8,68.23214285714286,66.6185378584241,54.0,6.75,0
10090,35,76.5,57.61132659210055,64.5,1.8428571428571427,0
10090,25,65.81481481481481,18.69256841950823,90.5,3.62,1
10090,14,99.91304347826087,89.29905102946101,71.0,5.071428571428571,0
10090,21,79.52,70.60814286609025,77.5,3.6904761904761907,0
10090,14,90.66666666666669,41.83300132670378,66.5,4.75,0
10090,5,96.66666666666669,50.0,65.0,13.0,0
10090,0,73.88095238095238,48.44836158089407,68.0,inf,0
10090,34,56.46666666666667,58.35994120119597,75.0,2.2058823529411766,0
10090,5,84.3,93.87583792452476,85.5,17.1,1
10090,18,79.4,70.99096917892192,89.5,4.972222222222222,1
10090,10,89.71428571428571,72.97691588509917,81.5,8.15,1
10090,4,68.35294117647058,67.08004008124404,47.0,11.75,0
10090,21,78.84210526315789,71.57294625585037,68.0,3.238095238095238,0
10090,21,84.89285714285714,61.84734689890586,44.5,2.119047619047619,0
10090,22,72.38095238095238,74.16020029252628,100.0,4.545454545454546,1
10090,7,81.88,69.83998772004442,86.0,12.285714285714286,1
10090,15,84.0,77.6233161471707,87.5,5.833333333333333,1
10090,20,81.23809523809524,39.245835809931954,66.5,3.325,0
10090,34,88.66666666666667,79.85478485265706,64.0,1.8823529411764706,0
10090,32,95.82142857142856,80.6521295612701,100.0,3.125,1
10090,24,64.80952380952381,64.57048779036616,68.0,2.8333333333333335,0
10090,11,96.48,33.771256084969075,90.0,8.181818181818182,1
10090,21,70.1063829787234,76.34146216076844,54.0,2.5714285714285716,0
10090,21,71.92,55.9209921264465,69.5,3.3095238095238093,0
10090,14,84.8048780487805,90.26561399070523,100.0,7.142857142857143,1
10090,28,79.48387096774194,75.41734745237835,89.5,3.1964285714285716,1
10090,17,87.22727272727272,92.30903476130392,60.0,3.5294117647058822,0
10090,12,55.66666666666666,54.611868127275024,100.0,8.333333333333334,1
10090,6,92.76470588235294,73.26654013967791,80.0,13.333333333333334,1
10090,14,84.86486486486487,87.30258534178333,60.5,4.321428571428571,0
10090,21,88.0,80.6421643873211,71.0,3.380952380952381,0
10090,7,79.89285714285714,77.60161554685145,38.5,5.5,0
10090,14,80.35135135135135,79.20208826678426,82.0,5.857142857142857,1
10090,28,80.38235294117646,83.91199302361649,63.0,2.25,0
10090,21,99.57142857142856,47.4341649025257,100.0,4.761904761904762,1
10090,32,100.0,0.0,22.0,0.6875,0
10090,24,87.83333333333333,65.31952898538893,21.0,0.875,0
10090,112,100.0,97.62394574390392,86.0,0.7678571428571429,1
10090,19,100.0,100.0,100.0,5.2631578947368425,1
10090,2,78.64705882352942,69.77746760592947,57.0,28.5,0
10090,25,92.16666666666669,70.501168657947,69.0,2.76,0
10090,15,95.0,72.89182663923711,100.0,6.666666666666667,1
10090,21,86.94285714285715,81.50952534455764,71.0,3.380952380952381,0
10090,54,89.23076923076923,79.74572941155758,100.0,1.8518518518518519,1
10091,0,10.733333333333334,14.37925173669378,86.0,inf,1
10091,35,94.13333333333334,90.4493340869633,85.5,2.442857142857143,1
10091,10,67.58333333333334,55.43893775997781,100.0,10.0,1
10091,4,78.93333333333334,75.48613830530877,79.0,19.75,0
10091,17,76.87096774193549,84.77789772831923,55.0,3.235294117647059,0
10091,21,66.92307692307692,75.8398048123778,65.0,3.0952380952380953,0
10091,29,66.11111111111111,69.93205640631179,84.5,2.913793103448276,1
10091,12,85.42857142857143,81.08437164260032,90.0,7.5,1
10091,3,53.604166666666664,63.994408830258074,85.0,28.333333333333332,1
10091,17,64.65517241379311,74.84172932353566,100.0,5.882352941176471,1
10091,13,83.75,68.37212200726903,100.0,7.6923076923076925,1
10091,7,75.78571428571428,50.00110133641068,38.0,5.428571428571429,0
10091,7,86.46666666666667,72.8957135003765,56.0,8.0,0
10091,10,73.5,25.15015150017844,49.0,4.9,0
10091,3,79.2,75.46580365420141,59.0,19.666666666666668,0
10091,2,74.6923076923077,47.03346609366624,68.0,34.0,0
10091,13,100.0,100.0,89.5,6.884615384615385,1
10091,0,100.0,100.0,100.0,inf,1
10091,1,100.0,100.0,79.0,79.0,0
10091,0,42.6764705882353,69.59249643642134,100.0,inf,1
10091,21,87.10526315789474,83.73659135594441,85.0,4.0476190476190474,1
10091,12,91.33333333333331,72.08885625950239,48.0,4.0,0
10091,10,87.16,75.30473183459911,64.0,6.4,0
10091,21,94.16666666666669,70.61878636037996,80.0,3.8095238095238093,1
10091,4,55.87719298245614,47.34610089316047,68.0,17.0,0
10091,46,90.0,85.95073936548975,80.5,1.75,1
10091,9,88.84210526315789,83.53128849675005,79.0,8.777777777777779,0
10091,17,96.8,60.74076879484503,49.0,2.8823529411764706,0
10091,7,93.29411764705884,69.99832011714629,56.0,8.0,0
10091,14,90.9090909090909,84.74121176569206,36.0,2.5714285714285716,0
10091,14,96.55555555555556,95.33064991795068,100.0,7.142857142857143,1
10091,18,88.7,91.67578847260216,79.0,4.388888888888889,0
10091,21,90.125,94.72370754079986,90.0,4.285714285714286,1
10091,14,73.6842105263158,68.86567507116676,100.0,7.142857142857143,1
10091,10,96.42307692307692,80.6539924699077,56.0,5.6,0
10091,18,80.37037037037037,77.09373187409783,80.0,4.444444444444445,1
10091,17,85.8,74.2387174159217,100.0,5.882352941176471,1
10091,7,91.0,75.96622534298866,76.0,10.857142857142858,0
10091,14,49.21621621621622,43.71149965615703,75.5,5.392857142857143,0
10091,27,99.33333333333331,50.0,70.5,2.611111111111111,0
10091,1,93.4,86.79408346161274,68.5,68.5,0
10091,7,84.0,83.53813836471727,88.5,12.642857142857142,1
10091,7,95.92857142857144,80.35917007687267,58.5,8.357142857142858,0
10091,21,79.55,77.24975854958151,79.0,3.761904761904762,0
10091,21,100.0,94.86832980505136,66.0,3.142857142857143,0
10091,6,100.0,100.0,60.0,10.0,0
10091,0,73.61538461538461,65.37368919150862,60.0,inf,0
10091,33,73.66666666666667,51.48091782675305,75.0,2.272727272727273,0
10091,46,100.0,0.0,44.0,0.9565217391304348,0
10091,24,80.0,73.48252570629853,100.0,4.166666666666667,1
10091,18,89.60714285714286,72.30392304500386,55.0,3.0555555555555554,0
10091,21,96.57142857142856,90.56155232264445,67.0,3.1904761904761907,0
10091,10,90.83333333333331,70.44437836076213,70.0,7.0,0
10091,18,84.26086956521739,84.81319905568259,51.0,2.8333333333333335,0
10091,14,82.70588235294117,75.86298943737626,53.0,3.7857142857142856,0
10091,10,67.4054054054054,79.28623443898016,68.5,6.85,0
10091,21,85.1,54.56001258698498,100.0,4.761904761904762,1
10091,19,100.0,94.8683298050514,50.5,2.6578947368421053,0
10091,2,97.0,84.58240563416595,62.0,31.0,0
10091,26,98.76923076923076,95.2169264271806,76.5,2.9423076923076925,0
10091,9,94.77272727272728,91.43951071371978,64.0,7.111111111111111,0
10091,18,100.0,86.60254037844388,81.0,4.5,1
10091,14,91.92307692307692,73.26298454906926,100.0,7.142857142857143,1
10091,21,95.0,87.52318487115211,100.0,4.761904761904762,1
10091,8,100.0,94.11239481143204,79.0,9.875,0
10091,8,72.0,58.48283010960351,74.0,9.25,0
10092,0,100.0,65.46536707079773,72.0,inf,0
10092,5,55.94444444444444,45.4634420821301,62.0,12.4,0
10092,16,75.05,62.38285571130688,80.5,5.03125,1
10092,9,90.17857142857144,81.75791985540215,70.0,7.777777777777778,0
10092,20,87.06666666666666,59.22324923705462,42.5,2.125,0
10092,17,100.0,71.25253031944253,37.0,2.176470588235294,0
10092,14,94.15789473684212,81.12077018473848,53.0,3.7857142857142856,0
10092,14,88.95833333333333,87.93282560103377,55.5,3.9642857142857144,0
10092,18,54.6,50.47089929271077,61.0,3.388888888888889,0
10092,10,97.54545454545456,81.83543132712514,75.0,7.5,0
10092,18,98.83333333333331,80.07928437383862,53.0,2.9444444444444446,0
10092,10,69.2,66.71904881297691,76.0,7.6,0
10092,10,62.52941176470589,15.892101345929552,74.0,7.4,0
10092,5,88.29166666666667,67.55531151306606,69.5,13.9,0
10092,15,77.12,87.69715725683194,67.5,4.5,0
10092,17,98.55555555555556,81.1013902124683,77.5,4.5588235294117645,0
10092,13,70.0,73.03766152183809,64.0,4.923076923076923,0
10092,28,89.48148148148148,90.04889739443071,56.5,2.017857142857143,0
10092,17,76.875,69.77969219888676,66.0,3.8823529411764706,0
10092,7,99.4,95.4168596442846,76.5,10.928571428571429,0
10092,7,91.2,90.5305930361088,67.0,9.571428571428571,0
10092,9,91.27272727272728,88.70672643242618,89.0,9.88888888888889,1
10092,17,90.66666666666669,56.55105207424897,56.0,3.2941176470588234,0
10092,8,86.4,82.8078671210825,59.0,7.375,0
10092,6,100.0,84.74297934943998,100.0,16.666666666666668,1
10092,14,86.51612903225806,92.09590780118452,64.0,4.571428571428571,0
10092,25,91.42857142857144,50.30282567814225,70.0,2.8,0
10092,9,90.85714285714286,91.42930327575948,62.0,6.888888888888889,0
10092,9,98.85714285714286,77.48062179181807,53.0,5.888888888888889,0
10092,5,85.13333333333333,83.19300951799455,75.5,15.1,0
10092,18,76.91304347826087,87.86387456424471,100.0,5.555555555555555,1
10092,14,82.25,90.68575323929691,83.5,5.964285714285714,1
10092,17,65.89473684210526,63.14014927014336,100.0,5.882352941176471,1
10092,11,99.875,89.60758180297881,72.5,6.590909090909091,0
10092,14,69.16666666666667,10.507897025075197,61.0,4.357142857142857,0
10092,3,78.41666666666667,71.35424308772642,72.0,24.0,0
10092,7,94.0,90.9241209316635,72.0,10.285714285714286,0
10092,4,80.71428571428572,87.71862177545034,100.0,25.0,1
10092,7,80.83333333333333,81.27665166512524,100.0,14.285714285714286,1
10092,7,96.625,91.57291161525718,56.5,8.071428571428571,0
10092,3,66.1764705882353,57.97497622315089,100.0,33.333333333333336,1
10092,7,81.86666666666667,77.70842709084756,86.0,12.285714285714286,1
10092,7,79.54166666666667,76.21184952787459,61.5,8.785714285714286,0
10092,11,99.55555555555556,88.99457101438082,69.5,6.318181818181818,0
10092,7,94.0,50.0,74.0,10.571428571428571,0
10092,2,88.66666666666667,87.2155453081241,81.0,40.5,1
10092,5,86.71428571428571,80.46172777075039,83.0,16.6,1
10092,3,79.0,59.71020206324338,70.0,23.333333333333332,0
10092,7,100.0,86.60254037844388,75.0,10.714285714285714,0
10092,1,51.76470588235294,65.97071509883749,79.0,79.0,0
10092,6,93.0909090909091,90.75630385563792,86.5,14.416666666666666,1
10092,7,100.0,97.10083124552244,59.5,8.5,0
10092,4,91.29411764705884,89.48458419651695,100.0,25.0,1
10092,11,45.68181818181818,25.453715150347666,66.0,6.0,0
10092,6,89.25,90.27075674773933,82.0,13.666666666666666,1
10092,4,73.53333333333333,78.23484377745467,80.0,20.0,1
10092,6,78.45454545454545,61.907943058755656,90.0,15.0,1
10092,11,78.54285714285714,79.9812397314086,58.5,5.318181818181818,0
10092,18,65.68,81.04354188397221,80.0,4.444444444444445,1
10092,14,77.82758620689656,81.71082035609058,100.0,7.142857142857143,1
10092,17,79.78260869565217,86.07562450552668,77.0,4.529411764705882,0
10092,11,93.06666666666666,82.17603453955931,100.0,9.090909090909092,1
10092,10,99.46666666666668,78.26237921249263,52.0,5.2,0
10092,15,96.0,81.43351498691851,35.0,2.3333333333333335,0
10092,10,87.86956521739131,85.28719353943649,62.0,6.2,0
10092,18,82.15384615384616,89.6393827227254,66.0,3.6666666666666665,0
10092,21,98.42857142857144,85.16460803990881,68.0,3.238095238095238,0
10092,10,71.78125,86.59888487309509,65.0,6.5,0
10092,21,92.60714285714286,87.37470480567929,80.0,3.8095238095238093,1
10092,25,86.0,73.78647873726219,76.0,3.04,0
10092,3,78.72972972972973,79.86189229631846,86.0,28.666666666666668,1
10092,18,91.0,84.20413371357598,100.0,5.555555555555555,1
10092,3,80.19047619047619,74.16907068272897,62.0,20.666666666666668,0
10092,11,91.11111111111111,78.37468034289083,70.0,6.363636363636363,0
10092,14,83.58823529411765,79.26205868356905,51.0,3.642857142857143,0
10092,10,87.5625,66.55984484201575,90.5,9.05,1
10092,11,85.29166666666667,79.81770436983831,62.0,5.636363636363637,0
10092,14,90.33333333333331,88.09685869006064,54.0,3.857142857142857,0
10092,14,94.4,87.38816698685989,73.0,5.214285714285714,0
10092,17,69.66666666666667,66.06114229991228,49.0,2.8823529411764706,0
10092,12,75.8125,87.56026399812987,84.5,7.041666666666667,1
10092,19,100.0,77.45966692414834,100.0,5.2631578947368425,1
10092,2,70.2,49.99999999999999,80.0,40.0,1
10092,1,59.333333333333336,19.65311238365534,79.0,79.0,0
10092,12,80.96969696969697,86.12211558243379,78.5,6.541666666666667,0
10092,22,90.36,95.08451203640568,88.5,4.0227272727272725,1
10092,14,52.95652173913044,65.75951474993997,100.0,7.142857142857143,1
10092,8,87.8076923076923,84.18194053947002,71.5,8.9375,0
10092,12,89.13333333333333,91.482258881364,66.5,5.541666666666667,0
10092,7,88.92307692307692,94.96616451389647,100.0,14.285714285714286,1
10095,0,85.96875,85.62187921906984,100.0,inf,1
10095,17,95.28571428571428,90.5574554121742,51.0,3.0,0
10095,19,91.725,93.45813237072626,43.0,2.263157894736842,0
10095,26,91.94117647058825,88.43917942888709,67.5,2.5961538461538463,0
10095,10,97.14285714285714,71.11324266729223,90.0,9.0,1
10095,11,73.86666666666667,34.74813900472392,70.0,6.363636363636363,0
10095,21,90.07142857142857,75.58740870651532,77.0,3.6666666666666665,0
10095,10,89.28,71.78821425398544,62.0,6.2,0
10095,18,100.0,93.31005796425823,100.0,5.555555555555555,1
10095,17,88.08695652173913,82.81030067463975,51.0,3.0,0
10095,12,92.5,78.08237538179405,86.0,7.166666666666667,1
10095,15,100.0,92.67273220380224,59.0,3.933333333333333,0
10095,13,94.1818181818182,52.01474403318683,80.0,6.153846153846154,1
10095,7,83.45833333333333,76.15713883897736,53.0,7.571428571428571,0
10095,13,96.42857142857144,75.68425823512965,58.0,4.461538461538462,0
10095,11,100.0,0.0,35.0,3.1818181818181817,0
10095,3,96.2,78.43595841650146,35.0,11.666666666666666,0
10095,14,70.36,33.48952569275074,65.0,4.642857142857143,0
10095,35,98.24,85.18080318222663,69.5,1.9857142857142858,0
10095,19,92.5,-2.957732742635499,67.0,3.526315789473684,0
10095,21,91.14285714285714,81.48596472516823,30.5,1.4523809523809523,0
10095,17,100.0,0.0,55.5,3.264705882352941,0
10095,14,88.2,70.0,56.0,4.0,0
10095,22,98.35714285714286,91.44177306678748,90.5,4.113636363636363,1
10095,23,98.2,95.33439343727078,62.5,2.717391304347826,0
10095,42,94.82692307692308,97.14347825268416,67.5,1.6071428571428572,0
10095,35,63.20512820512821,77.11922078787923,88.5,2.5285714285714285,1
10095,28,94.4375,89.52390439883071,100.0,3.5714285714285716,1
10095,24,80.75,81.75090590481383,78.0,3.25,0
10095,19,90.1153846153846,80.8674911712247,70.0,3.6842105263157894,0
10095,20,96.08823529411764,92.55356312223527,80.0,4.0,1
10095,28,98.54761904761904,96.9654621071254,50.0,1.7857142857142858,0
10095,38,92.56756756756756,84.72058449054428,53.0,1.394736842105263,0
10095,50,99.0,-100.0,69.0,1.38,0
10095,38,100.0,0.0,15.5,0.40789473684210525,0
10095,25,100.0,89.44271909999159,14.0,0.56,0
10095,7,88.6875,79.94135076062977,51.0,7.285714285714286,0
10095,24,97.4375,92.77957626254602,68.5,2.8541666666666665,0
10095,28,92.52,82.74056757860225,56.0,2.0,0
10095,28,80.0952380952381,75.90253936491446,76.0,2.7142857142857144,0
10095,12,96.88235294117646,94.74442589440308,100.0,8.333333333333334,1
10095,27,97.25,90.61466434073724,90.0,3.3333333333333335,1
10095,15,91.85,75.59491687870194,59.0,3.933333333333333,0
10095,21,97.4375,8.008534347238067,64.5,3.0714285714285716,0
10095,9,95.85714285714286,91.72687098597493,37.0,4.111111111111111,0
10095,18,86.47619047619048,78.66438824647994,76.0,4.222222222222222,0
10095,22,76.5625,44.13314179608142,100.0,4.545454545454546,1
10095,21,96.05882352941175,90.8731753923281,100.0,4.761904761904762,1
10095,27,81.6,80.0,100.0,3.7037037037037037,1
10103,0,97.0,-100.0,54.0,inf,0
10103,3,82.48,84.97483687798264,73.5,24.5,0
10103,14,91.33333333333331,84.98070049731041,74.0,5.285714285714286,0
10103,11,85.6896551724138,80.69103048426994,67.0,6.090909090909091,0
10103,21,82.18181818181819,55.30482455782029,58.5,2.7857142857142856,0
10103,7,85.56666666666666,85.42003026269602,34.0,4.857142857142857,0
10103,17,81.975,89.80492061390049,100.0,5.882352941176471,1
10103,26,96.20689655172414,77.86158499330465,77.5,2.980769230769231,0
10103,23,70.05882352941177,74.6001548433959,53.0,2.3043478260869565,0
10103,21,100.0,95.43135154205278,44.5,2.119047619047619,0
10103,6,86.6,79.51404970357048,56.0,9.333333333333334,0
10103,5,91.3125,91.07788273171244,89.5,17.9,1
10103,12,99.75,90.09857299945595,75.0,6.25,0
10103,14,68.98181818181818,82.48712096595122,52.0,3.7142857142857144,0
10103,35,95.71739130434784,69.21373127733801,80.5,2.3,1
10103,43,97.0,-75.59289460184544,51.0,1.186046511627907,0
10103,7,95.3125,91.85968983138908,10.5,1.5,0
10103,27,86.70588235294117,74.91193790903175,50.0,1.8518518518518519,0
10103,12,100.0,83.2765544443563,51.0,4.25,0
10103,16,82.16666666666667,67.97219580568938,50.0,3.125,0
10103,24,78.359375,83.6407531407447,51.5,2.1458333333333335,0
10103,46,91.3076923076923,77.64851018687756,73.0,1.5869565217391304,0
10103,21,96.97058823529412,91.06458433413442,51.0,2.4285714285714284,0
10103,28,98.35897435897436,80.70173469386481,100.0,3.5714285714285716,1
10103,36,94.76,90.8272292768998,50.0,1.3888888888888888,0
10103,20,93.27586206896552,92.5715663805286,56.5,2.825,0
10103,24,85.10344827586206,68.19091317583546,69.0,2.875,0
10103,21,83.88888888888889,85.96515681831465,65.0,3.0952380952380953,0
10103,25,95.47368421052632,73.14045018303281,72.5,2.9,0
10103,17,89.8,86.02831612398447,62.0,3.6470588235294117,0
10103,32,96.33333333333331,75.51752625746488,52.0,1.625,0
10103,32,99.0625,82.61597922328893,58.0,1.8125,0
10103,14,98.52830188679243,85.98885440803035,74.0,5.285714285714286,0
10103,52,93.36666666666666,72.76424665422236,48.0,0.9230769230769231,0
10103,25,86.17142857142858,87.10967898976774,45.5,1.82,0
10103,28,83.76470588235294,67.48424171074846,63.0,2.25,0
10103,21,96.80645161290325,83.83093210597242,53.0,2.5238095238095237,0
10103,27,89.51724137931035,80.80488628781423,54.0,2.0,0
10103,25,92.16666666666669,92.60765355523756,50.5,2.02,0
10103,34,88.84615384615384,93.795561251428,70.5,2.073529411764706,0
10103,20,92.66666666666669,76.44612485007953,88.0,4.4,1
10105,0,88.44444444444444,21.93369563397667,37.5,inf,0
10105,23,75.71428571428572,39.2857142857143,45.0,1.9565217391304348,0
10105,0,100.0,100.0,55.0,inf,0
10105,0,75.375,27.957128992033898,45.0,inf,0
10105,7,86.33898305084746,86.01452580060567,41.5,5.928571428571429,0
10105,42,70.8,77.20732342389363,71.0,1.6904761904761905,0
10105,35,72.50704225352112,84.47632883147428,83.5,2.3857142857142857,1
10105,51,81.72727272727272,2.304367689909179,75.0,1.4705882352941178,0
10105,6,70.13235294117646,12.213673846296926,63.0,10.5,0
10105,57,79.51612903225806,65.28154992874606,100.0,1.7543859649122806,1
10105,19,87.70270270270271,89.87428362256288,73.0,3.8421052631578947,0
10105,26,83.34482758620689,37.52997445654175,78.0,3.0,0
10105,24,88.03030303030303,75.75363481363812,50.0,2.0833333333333335,0
10105,28,81.88333333333333,78.31962413997199,37.0,1.3214285714285714,0
10105,41,98.82142857142856,88.16402994830867,70.0,1.7073170731707317,0
10105,25,77.13043478260869,84.87758970070787,59.5,2.38,0
10105,14,87.5609756097561,57.59026878442442,83.0,5.928571428571429,1
10105,38,87.34615384615384,82.1711681122424,57.0,1.5,0
10105,18,94.58333333333331,92.7224449067313,51.0,2.8333333333333335,0
10105,31,80.3076923076923,57.79288183562963,73.0,2.3548387096774195,0
10105,18,90.54761904761904,85.07420000108118,56.0,3.111111111111111,0
10105,35,84.40425531914893,88.04689125919592,75.0,2.142857142857143,0
10105,38,67.875,73.4158046130985,51.0,1.3421052631578947,0
10105,60,81.42105263157895,62.46030691357329,100.0,1.6666666666666667,1
10105,49,80.41666666666667,77.52164704455157,37.0,0.7551020408163265,0
10105,21,92.75555555555556,83.5969480397701,72.0,3.4285714285714284,0
10105,42,86.88461538461539,2.237405699108949,72.0,1.7142857142857142,0
10105,49,88.5625,82.12845137298945,55.0,1.1224489795918366,0
10105,25,82.21052631578948,28.80078656601614,54.0,2.16,0
10105,14,83.27659574468085,75.0372690630209,88.5,6.321428571428571,1
10105,31,89.14583333333333,88.04145721743843,47.0,1.5161290322580645,0
10105,39,88.33333333333333,90.93934285266587,54.5,1.3974358974358974,0
10105,14,72.26666666666667,70.79221800272012,69.0,4.928571428571429,0
10105,27,65.91044776119404,87.46100221966977,69.0,2.5555555555555554,0
10106,0,83.47727272727272,86.6667151909182,100.0,inf,1
10106,17,90.625,82.32958876208562,75.5,4.4411764705882355,0
10106,13,77.83695652173913,90.15612308501082,43.0,3.3076923076923075,0
10106,49,90.8,78.8156971532829,87.0,1.7755102040816326,1
10106,18,81.27272727272728,60.41332291186652,51.5,2.861111111111111,0
10106,7,76.63333333333333,76.61617374096666,29.5,4.214285714285714,0
10106,17,97.46153846153848,67.75267024212107,66.0,3.8823529411764706,0
10106,11,80.5,60.00000000000001,32.0,2.909090909090909,0
10106,3,75.47692307692307,35.78890547627086,53.0,17.666666666666668,0
10106,42,100.0,77.45966692414834,54.5,1.2976190476190477,0
10106,2,91.38095238095238,82.90271768183993,58.0,29.0,0
10106,30,97.8,60.0,100.0,3.3333333333333335,1
10106,3,82.09375,88.95410962647045,71.0,23.666666666666668,0
10106,19,67.28260869565217,72.63455809336742,54.5,2.8684210526315788,0
10106,30,81.87179487179488,87.44942108099544,65.5,2.183333333333333,0
10106,30,99.66666666666669,92.76336570439176,65.5,2.183333333333333,0
10106,3,63.65384615384615,53.03187587096582,100.0,33.333333333333336,1
10106,18,88.27272727272728,90.17739525522536,74.5,4.138888888888889,0
10106,24,85.33333333333333,67.36496440457938,100.0,4.166666666666667,1
10106,34,97.66666666666669,81.01914936669331,76.0,2.235294117647059,0
10106,7,69.97222222222223,53.17726735218812,52.0,7.428571428571429,0
10106,28,93.42857142857144,93.63255263638088,65.0,2.3214285714285716,0
10106,25,85.43243243243244,83.69124478706983,64.5,2.58,0
10106,28,93.44444444444444,88.37066883987022,67.5,2.4107142857142856,0
10106,14,72.0,68.45750725043142,46.5,3.3214285714285716,0
10106,17,72.4,66.26804401343966,100.0,5.882352941176471,1
10106,14,75.5,79.76494961323995,46.0,3.2857142857142856,0
10106,28,82.56666666666666,82.68659809572841,78.5,2.8035714285714284,0
10106,18,59.09090909090909,71.31360132190709,79.0,4.388888888888889,0
10106,38,100.0,89.44271909999158,56.5,1.486842105263158,0
10106,4,99.66666666666669,83.20918999730094,67.0,16.75,0
10106,10,73.0909090909091,63.316652294931,50.0,5.0,0
10106,14,58.8,47.21792006479078,55.5,3.9642857142857144,0
10106,4,95.9090909090909,93.93757620907634,82.0,20.5,1
10106,28,94.41935483870968,90.02378270489496,100.0,3.5714285714285716,1
10106,28,97.43243243243244,88.79274408765657,50.0,1.7857142857142858,0
10106,35,40.0,33.2825449297549,75.0,2.142857142857143,0
10106,11,93.33333333333331,86.6476742519613,57.0,5.181818181818182,0
10106,7,75.27659574468085,79.4499532145468,69.0,9.857142857142858,0
10106,38,77.59375,62.64630093100245,83.0,2.1842105263157894,1
10106,25,97.75,72.42755093827454,83.5,3.34,1
10106,14,73.5,18.34939608543934,30.0,2.142857142857143,0
10106,7,88.55555555555556,80.69144660802372,35.0,5.0,0
10106,22,99.14285714285714,88.29187134416479,50.0,2.272727272727273,0
10106,6,76.04444444444445,60.971621627850126,76.0,12.666666666666666,0
10106,17,91.0,86.07966907958661,100.0,5.882352941176471,1
10106,21,81.43478260869566,92.8415503781269,63.0,3.0,0
10106,28,61.69230769230769,44.35278537770465,79.0,2.8214285714285716,0
10106,6,83.88888888888889,79.05045102188065,85.5,14.25,1
10106,19,81.70454545454545,82.49343864110439,100.0,5.2631578947368425,1
10106,34,90.68,94.56408730725568,76.0,2.235294117647059,0
10106,16,78.14285714285714,76.32911487195435,100.0,6.25,1
10106,6,66.36842105263159,77.06986066629582,89.5,14.916666666666666,1
10106,20,91.63636363636364,83.44368805601445,100.0,5.0,1
10112,0,100.0,86.60254037844388,100.0,inf,1
10112,1,100.0,100.0,100.0,100.0,1
10112,0,74.42105263157895,53.25140034074744,81.0,inf,1
10112,6,87.53846153846153,72.05015106638609,77.0,12.833333333333334,0
10112,7,84.94736842105263,79.66719720675573,36.5,5.214285714285714,0
10112,22,82.57575757575758,66.28705578888355,44.0,2.0,0
10112,19,81.51282051282051,75.1925145402891,42.0,2.210526315789474,0
10112,35,79.29032258064515,81.1920848733144,29.5,0.8428571428571429,0
10112,14,96.9,95.38833647711007,51.5,3.6785714285714284,0
10112,14,70.12903225806451,73.68440808315768,75.0,5.357142857142857,0
10112,28,72.1875,33.3093993733523,79.0,2.8214285714285716,0
10112,6,100.0,89.44271909999159,65.0,10.833333333333334,0
10112,1,87.76666666666667,73.24452077853606,54.0,54.0,0
10112,26,85.26666666666667,56.887555169022974,72.0,2.769230769230769,0
10112,11,81.23529411764706,82.04851094429469,74.0,6.7272727272727275,0
10112,7,55.55555555555556,70.26074069891119,76.5,10.928571428571429,0
10112,13,100.0,77.45966692414834,81.5,6.269230769230769,1
10112,2,97.25,75.45045450053532,38.0,19.0,0
10112,5,99.14285714285714,91.89562119494704,77.0,15.4,0
10112,3,79.5,9.58637522945216,68.0,22.666666666666668,0
10112,28,83.64285714285714,80.25710159001295,55.5,1.9821428571428572,0
10112,21,73.27272727272728,54.92120264715138,78.5,3.738095238095238,0
10112,5,69.95833333333333,83.38481867689522,85.0,17.0,1
10112,11,75.92,86.55122039066666,69.0,6.2727272727272725,0
10112,14,90.16666666666669,79.1254118641001,54.0,3.857142857142857,0
10112,7,89.15789473684211,89.61570377028633,62.5,8.928571428571429,0
10112,27,83.5,75.380287416328,61.0,2.259259259259259,0
10112,4,87.64285714285714,83.6232288078249,73.5,18.375,0
10112,20,72.44736842105263,60.75683067381807,72.5,3.625,0
10112,18,99.3,95.42634295214506,59.0,3.2777777777777777,0
10112,17,88.69565217391305,92.89562694444588,64.0,3.764705882352941,0
10112,35,81.95348837209302,92.43654758864984,89.0,2.5428571428571427,1
10112,28,99.66666666666669,92.76336570439176,73.5,2.625,0
10112,4,59.52173913043478,67.61611299613017,100.0,25.0,1
10112,35,85.63492063492063,74.39457839001979,68.0,1.9428571428571428,0
10112,49,84.53488372093022,91.76005436816924,64.0,1.3061224489795917,0
10112,31,84.31818181818181,85.87699948996637,86.5,2.7903225806451615,1
10112,14,90.94915254237289,93.89554415086016,55.0,3.9285714285714284,0
10112,46,86.86666666666667,82.4536349004444,64.0,1.391304347826087,0
10112,7,87.11111111111111,89.26384074574939,100.0,14.285714285714286,1
10112,18,72.17391304347827,70.32562552480928,100.0,5.555555555555555,1
10112,17,73.25,66.81939206800035,34.0,2.0,0
10112,14,75.46666666666667,76.90689128655828,73.5,5.25,0
10112,21,87.96000000000001,83.76227814401985,89.5,4.261904761904762,1
10112,18,75.88888888888889,53.560908836685705,100.0,5.555555555555555,1
10112,14,79.33333333333333,50.0,57.0,4.071428571428571,0
10112,1,78.34146341463415,80.43410715249965,50.5,50.5,0
10112,30,92.97916666666669,87.923652421734,85.0,2.8333333333333335,1
10112,42,93.44444444444444,80.25628206955841,56.0,1.3333333333333333,0
10112,14,74.34693877551021,75.91725983216,43.5,3.107142857142857,0
10112,23,66.45161290322581,53.88980779695054,72.5,3.152173913043478,0
10112,11,93.86363636363636,95.53400040839166,77.5,7.045454545454546,0
10112,14,76.27272727272728,54.58432212580036,73.5,5.25,0
10112,24,83.66666666666667,70.80189431586341,100.0,4.166666666666667,1
10112,8,90.58333333333331,92.0680778841754,100.0,12.5,1
10112,16,100.0,94.8683298050514,71.5,4.46875,0
10112,4,100.0,86.60254037844388,72.0,18.0,0
10112,3,74.03999999999999,72.4681926918821,79.0,26.333333333333332,0
10112,12,89.79166666666667,92.48378948822293,100.0,8.333333333333334,1
10112,16,92.11111111111111,61.747609935870095,86.0,5.375,1
10112,28,96.3181818181818,82.41582070081593,66.0,2.357142857142857,0
10114,0,87.57142857142857,80.8535445200095,42.0,inf,0
10114,7,100.0,87.831006565368,46.0,6.571428571428571,0
10114,7,87.66666666666667,82.16172296971163,43.0,6.142857142857143,0
10114,7,91.3,76.27700713964738,77.0,11.0,0
10114,7,84.34615384615384,73.3523793061364,38.0,5.428571428571429,0
10114,8,90.94444444444444,84.75065462429919,56.0,7.0,0
10114,8,81.4,74.33011777480564,38.0,4.75,0
10114,7,81.55,85.13268161612453,51.0,7.285714285714286,0
10114,7,83.125,86.82220995691435,81.0,11.571428571428571,1
10114,11,90.63636363636364,66.43193791779623,100.0,9.090909090909092,1
10114,7,73.03225806451613,79.46673306510095,44.5,6.357142857142857,0
10114,14,81.10344827586206,86.39863336808743,100.0,7.142857142857143,1
10114,17,95.77777777777776,71.8184846459608,100.0,5.882352941176471,1
10114,7,100.0,95.6182887467515,50.0,7.142857142857143,0
10114,4,73.61538461538461,59.08738955788269,62.0,15.5,0
10114,7,88.375,93.1071097957037,100.0,14.285714285714286,1
10114,14,73.75,63.686824293605184,74.5,5.321428571428571,0
10114,10,70.35294117647058,83.14939758682004,64.0,6.4,0
10114,7,97.375,97.16676756460642,100.0,14.285714285714286,1
10114,11,92.23076923076924,84.29094851474697,100.0,9.090909090909092,1
10114,7,91.7,89.6358126979083,100.0,14.285714285714286,1
10114,4,88.0,92.1163104866144,67.5,16.875,0
10114,11,89.85714285714286,90.412823109567,90.0,8.181818181818182,1
10114,7,92.4,86.25414695221235,63.5,9.071428571428571,0
10114,9,100.0,61.23724356957945,100.0,11.11111111111111,1
10114,6,84.3,85.94452875445684,37.0,6.166666666666667,0
10114,5,76.84,83.80469167238353,86.0,17.2,1
10114,17,72.6,65.41260654935466,88.5,5.205882352941177,1
10114,6,93.14285714285714,94.30463676882984,65.5,10.916666666666666,0
10114,12,97.75,92.16401967906783,68.0,5.666666666666667,0
10114,7,83.94736842105263,82.24424248962227,75.0,10.714285714285714,0
10114,10,89.1,81.2403840463596,75.5,7.55,0
10114,8,88.71428571428571,89.56108418818455,75.0,9.375,0
10114,7,80.29411764705883,70.15795637476624,66.0,9.428571428571429,0
10114,7,94.57142857142856,81.60147189957584,100.0,14.285714285714286,1
10114,15,86.65,91.38449910610966,58.0,3.8666666666666667,0
10114,10,79.94117647058823,74.80681265866255,100.0,10.0,1
10114,11,100.0,97.23448696087954,57.0,5.181818181818182,0
10114,10,95.64285714285714,83.3384778426035,65.0,6.5,0
10114,11,95.33333333333331,30.38218101251,79.0,7.181818181818182,0
10114,6,100.0,100.0,33.0,5.5,0
10114,1,69.03703703703704,69.15932499829948,36.0,36.0,0
10114,12,96.33333333333331,89.59786703810408,85.5,7.125,1
10114,5,98.36363636363636,71.6959985322305,64.0,12.8,0
10114,7,97.76470588235294,85.87676177948552,54.0,7.714285714285714,0
10114,14,99.27272727272728,88.60912478088325,50.0,3.5714285714285716,0
10114,7,100.0,92.7437254017683,70.0,10.0,0
10114,11,68.1875,54.74552535112049,100.0,9.090909090909092,1
10114,10,83.29166666666667,88.22458158732154,67.5,6.75,0
10114,14,97.33333333333331,92.85910550306892,74.0,5.285714285714286,0
10114,14,92.76923076923076,82.5971586231221,68.5,4.892857142857143,0
10114,11,98.3076923076923,88.93974028341556,65.0,5.909090909090909,0
10114,10,99.33333333333331,93.87084286326686,66.0,6.6,0
10114,14,99.42857142857144,92.65616458263766,53.0,3.7857142857142856,0
10114,4,95.8,89.16427993991934,65.0,16.25,0
10114,10,70.0,74.74224049041925,100.0,10.0,1
10114,7,75.82352941176471,72.82921588347372,88.0,12.571428571428571,1
10114,8,100.0,86.60254037844388,51.0,6.375,0
10114,0,72.72222222222223,37.71200856726162,38.0,inf,0
10114,5,93.61111111111111,87.28735884383812,100.0,20.0,1
10114,11,95.07692307692308,86.45258094788369,100.0,9.090909090909092,1
10114,8,74.58823529411765,76.9713772700652,70.5,8.8125,0
10114,9,80.0,79.93155952565385,87.5,9.722222222222221,1
10114,4,93.21428571428572,88.54945421066039,82.0,20.5,1
10114,7,86.52941176470588,86.15897319304086,100.0,14.285714285714286,1
10114,10,99.54545454545456,94.9581247421486,73.0,7.3,0
10114,7,71.36,73.162654785164,100.0,14.285714285714286,1
10114,7,90.76470588235294,92.00554644222102,79.5,11.357142857142858,0
10114,11,96.3846153846154,76.42379332003725,100.0,9.090909090909092,1
10114,10,97.0,76.59576272164713,73.5,7.35,0
10114,4,95.8181818181818,90.83497008267248,53.0,13.25,0
10114,17,84.6842105263158,85.41307952602276,100.0,5.882352941176471,1
10114,11,93.33333333333331,90.06029241076862,76.5,6.954545454545454,0
10114,7,51.25714285714286,7.735017163287752,56.0,8.0,0
10114,21,100.0,92.75204136012636,65.5,3.119047619047619,0
10114,14,92.23076923076924,87.53690526317241,50.0,3.5714285714285716,0
10114,11,87.28571428571429,87.28715609439696,63.0,5.7272727272727275,0
10114,3,89.61904761904762,92.61721733891662,56.0,18.666666666666668,0
10114,11,88.86666666666667,87.69036914243283,89.0,8.090909090909092,1
10114,10,78.54166666666667,80.83038384172418,90.0,9.0,1
10114,11,100.0,90.36961141150638,100.0,9.090909090909092,1
10114,7,87.92307692307692,60.17296729983781,54.0,7.714285714285714,0
10114,10,87.4,78.43595841650146,64.0,6.4,0
10114,11,99.14285714285714,83.20323007542784,66.0,6.0,0
10114,10,85.58823529411765,84.6790738906003,100.0,10.0,1
10114,11,85.0,80.71157754203482,68.5,6.2272727272727275,0
10114,17,81.72727272727272,85.4238194979186,69.5,4.088235294117647,0
10114,11,89.5,84.01171860779128,75.0,6.818181818181818,0
10114,14,87.85185185185185,84.32672449468056,81.0,5.785714285714286,1
10114,17,95.5,81.31000209207832,70.5,4.147058823529412,0
10114,7,92.625,93.67938517028362,59.0,8.428571428571429,0
10114,11,88.0,93.9441866433556,88.5,8.045454545454545,1
10114,14,100.0,89.44271909999159,100.0,7.142857142857143,1
10114,1,81.625,85.96821983201136,71.0,71.0,0
10114,12,92.0,91.16795183393911,86.0,7.166666666666667,1
10114,18,90.1025641025641,94.52068516614506,75.0,4.166666666666667,0
10114,27,68.3921568627451,81.1472106673332,100.0,3.7037037037037037,1
10114,26,80.69090909090909,65.9536110294813,100.0,3.8461538461538463,1
10114,30,86.92857142857143,88.33691404345484,100.0,3.3333333333333335,1
10114,8,89.07407407407408,93.37106918189912,68.5,8.5625,0
10117,0,89.4054054054054,81.27383019775755,100.0,inf,1
10117,28,93.77777777777776,84.88425548135827,100.0,3.5714285714285716,1
10117,20,77.03571428571428,80.85996316556901,31.0,1.55,0
10117,14,86.24,88.60672587704667,85.5,6.107142857142857,1
10117,14,77.8974358974359,83.52222634601037,72.0,5.142857142857143,0
10117,35,78.8125,54.14772821262436,56.0,1.6,0
10117,10,89.0909090909091,89.11873405929069,42.5,4.25,0
10117,7,86.86956521739131,89.01420463340301,63.5,9.071428571428571,0
10117,11,88.88235294117646,90.23823591236705,89.0,8.090909090909092,1
10117,7,68.56521739130434,82.5863853537088,100.0,14.285714285714286,1
10117,10,86.25,82.95150620062533,86.0,8.6,1
10117,4,92.72727272727272,93.19588412928248,100.0,25.0,1
10117,7,85.6,74.4010400771726,100.0,14.285714285714286,1
10117,7,71.77777777777777,70.27040774960838,67.0,9.571428571428571,0
10117,10,91.83333333333331,88.54848400554404,87.0,8.7,1
10117,18,87.46666666666667,77.72063326152187,88.5,4.916666666666667,1
10117,7,99.0,94.39648493270292,100.0,14.285714285714286,1
10117,7,87.33333333333333,79.67246167544522,100.0,14.285714285714286,1
10117,4,92.28571428571428,87.94653965640158,68.0,17.0,0
10117,3,77.58333333333333,90.6526840805618,100.0,33.333333333333336,1
10117,8,57.142857142857146,67.92791724730122,100.0,12.5,1
10117,6,75.6,77.37080339377765,88.0,14.666666666666666,1
10117,8,79.88235294117646,59.440875943827386,81.0,10.125,1
10117,6,78.35294117647058,83.48215900575704,90.0,15.0,1
10117,7,82.03571428571428,83.3879382774892,100.0,14.285714285714286,1
10117,15,80.66666666666667,77.72119669423788,100.0,6.666666666666667,1
10117,7,86.5,81.32639032268635,100.0,14.285714285714286,1
10117,7,59.5625,73.17557346723416,100.0,14.285714285714286,1
10117,11,99.75,91.3223320977314,86.0,7.818181818181818,1
10117,5,90.5,78.53554716071041,80.5,16.1,1
10117,5,74.0,84.91339696649422,100.0,20.0,1
10117,7,89.66666666666667,86.26974486248984,88.5,12.642857142857142,1
10117,7,87.07692307692308,78.29584612837442,77.0,11.0,0
10117,7,93.33333333333331,77.75419143502353,100.0,14.285714285714286,1
10117,3,87.125,77.11403083390078,40.0,13.333333333333334,0
10117,4,100.0,89.44271909999158,71.5,17.875,0
10117,4,98.75,95.7734073813522,56.0,14.0,0
10117,3,63.06666666666667,48.837287446799195,100.0,33.333333333333336,1
10117,7,98.92307692307692,78.28699832678397,72.0,10.285714285714286,0
10117,24,92.6470588235294,84.49278652470117,54.0,2.25,0
10117,14,83.0625,85.11281557985939,51.5,3.6785714285714284,0
10117,31,76.07142857142857,90.06089523637196,100.0,3.225806451612903,1
10117,14,74.28947368421052,81.06481466284434,100.0,7.142857142857143,1
10117,21,94.71428571428572,88.52657736693155,100.0,4.761904761904762,1
10117,7,80.25,86.40887892837257,89.0,12.714285714285714,1
10117,14,81.95238095238095,72.33136790140938,100.0,7.142857142857143,1
10117,7,96.72727272727272,85.0801760907696,89.5,12.785714285714286,1
10117,7,99.66666666666669,92.76336570439176,100.0,14.285714285714286,1
10117,4,85.66666666666667,68.51601597031488,66.5,16.625,0
10117,3,100.0,94.14688716912718,100.0,33.333333333333336,1
10117,7,86.375,77.14047317372456,100.0,14.285714285714286,1
10117,7,78.21052631578948,79.91463373006552,100.0,14.285714285714286,1
10117,7,91.66666666666669,85.29805141829193,100.0,14.285714285714286,1
10117,4,100.0,92.58200997725515,72.0,18.0,0
10117,3,93.44444444444444,69.20385675071722,100.0,33.333333333333336,1
10117,4,77.64285714285714,62.74107057137244,73.5,18.375,0
10117,3,92.11111111111111,67.89028582272216,100.0,33.333333333333336,1
10117,5,66.125,28.9177615627128,89.5,17.9,1
10117,2,86.61538461538461,87.55089017845977,90.5,45.25,1
10117,7,93.4375,92.2125680414536,100.0,14.285714285714286,1
10117,8,70.9375,65.72960745532463,100.0,12.5,1
10117,6,88.83333333333333,82.60220258923994,86.0,14.333333333333334,1
10117,7,66.94117647058823,66.42862756744968,100.0,14.285714285714286,1
10117,7,77.07692307692308,82.78288799031948,100.0,14.285714285714286,1
10117,7,86.73333333333333,89.75052408481504,89.5,12.785714285714286,1
10117,7,86.06666666666666,78.99531467283195,100.0,14.285714285714286,1
10117,7,50.94736842105263,65.36987108469596,80.0,11.428571428571429,1
10117,7,77.70833333333333,81.77562546801101,100.0,14.285714285714286,1
10117,14,70.13333333333333,74.30644525968142,100.0,7.142857142857143,1
10117,7,86.84615384615384,73.29882979721795,84.5,12.071428571428571,1
10117,7,85.71428571428571,81.65238616912653,61.0,8.714285714285714,0
10117,7,78.06666666666666,88.41508293699837,100.0,14.285714285714286,1
10117,6,86.25,40.0,100.0,16.666666666666668,1
10117,1,95.84615384615384,85.5608372517396,87.5,87.5,1
10117,7,87.07692307692308,81.03458599622596,100.0,14.285714285714286,1
10117,8,70.48275862068965,31.31551471657784,86.0,10.75,1
10117,21,85.07692307692308,72.2764808476691,54.0,2.5714285714285716,0
10117,7,81.6923076923077,80.3301997905865,86.5,12.357142857142858,1
10117,7,81.33333333333333,82.5258715829132,80.5,11.5,1
10117,7,79.0,87.66935474490192,100.0,14.285714285714286,1
10117,3,66.18181818181819,19.10488417684244,100.0,33.333333333333336,1
10117,4,92.28571428571428,63.065622388689135,81.0,20.25,1
10117,3,74.27272727272728,57.20958609078268,88.5,29.5,1
10117,4,58.16666666666666,26.375812965604545,87.0,21.75,1
10117,14,91.46153846153848,92.56233470129663,65.5,4.678571428571429,0
10117,7,88.1,83.79092353041679,89.5,12.785714285714286,1
10117,7,95.33333333333331,88.66140192766774,100.0,14.285714285714286,1
10117,7,89.57142857142857,81.65238616912653,100.0,14.285714285714286,1
10117,7,89.6,82.6840600396968,100.0,14.285714285714286,1
10117,10,61.0,72.04214797062146,57.0,5.7,0
10117,11,99.5,96.10062376230346,83.5,7.590909090909091,1
10117,7,89.18181818181819,96.40556870381296,64.0,9.142857142857142,0
10117,14,74.89285714285714,78.93714029228758,100.0,7.142857142857143,1
10117,14,98.8,88.57162118542732,90.0,6.428571428571429,1
10117,7,65.65517241379311,79.99588944695643,70.0,10.0,0
10117,14,85.2,95.03998677306444,100.0,7.142857142857143,1
10117,14,71.54545454545455,76.59699638170277,100.0,7.142857142857143,1
10117,7,92.16666666666669,94.35159128081932,89.5,12.785714285714286,1
10117,7,59.1578947368421,75.74230510992757,90.0,12.857142857142858,1
10117,7,86.92307692307692,76.07374171538481,100.0,14.285714285714286,1
10117,6,74.23529411764706,83.68104458660551,100.0,16.666666666666668,1
10117,7,100.0,94.49111825230683,84.0,12.0,1
10117,4,100.0,90.82951062292474,48.0,12.0,0
10117,5,85.3076923076923,90.45859469429396,66.0,13.2,0
10117,5,84.15384615384616,82.15964105261561,100.0,20.0,1
10117,7,63.36585365853659,82.36752884256627,88.0,12.571428571428571,1
10117,14,61.43333333333333,57.3512470456871,100.0,7.142857142857143,1
10117,8,89.125,91.57291161525718,78.0,9.75,0
10117,5,91.875,78.63867486193536,60.5,12.1,0
10117,3,73.3076923076923,83.7725132661517,66.5,22.166666666666668,0
10117,12,71.35294117647058,76.37436799869506,100.0,8.333333333333334,1
10117,8,86.38888888888889,86.3508483494418,100.0,12.5,1
10117,7,100.0,92.58200997725515,100.0,14.285714285714286,1
10117,3,97.71428571428572,95.49937104572923,72.0,24.0,0
10117,3,87.58333333333333,88.34418659252744,77.0,25.666666666666668,0
10117,3,86.58823529411765,17.086691233268017,100.0,33.333333333333336,1
10117,13,92.36363636363636,94.47907528627634,53.0,4.076923076923077,0
10117,5,100.0,86.60254037844388,100.0,20.0,1
10117,1,79.0,80.61613258391895,61.0,61.0,0
10117,6,85.5625,79.2319622483104,100.0,16.666666666666668,1
10117,7,86.6470588235294,86.22444927272316,87.5,12.5,1
10117,7,100.0,100.0,100.0,14.285714285714286,1
10117,0,81.72222222222223,75.2808667565467,100.0,inf,1
10117,8,87.0625,72.5907518467896,88.5,11.0625,1
10121,0,91.0625,64.1862541578522,100.0,inf,1
10121,10,85.95652173913044,67.34487443164774,41.0,4.1,0
10121,11,83.25,73.12413373590475,49.0,4.454545454545454,0
10121,9,77.44444444444444,68.84470991475912,44.5,4.944444444444445,0
10121,7,98.22222222222224,78.22165589515727,46.0,6.571428571428571,0
10121,8,88.0,80.7287510292399,29.0,3.625,0
10121,4,88.21875,87.3376937086609,24.5,6.125,0
10121,14,89.45454545454545,81.38468670729141,67.0,4.785714285714286,0
10121,7,75.74193548387098,87.94847550787928,100.0,14.285714285714286,1
10121,14,67.56666666666666,81.41310020401046,87.5,6.25,1
10121,10,79.17647058823529,80.89401866642258,100.0,10.0,1
10121,7,74.5,54.089107164629816,100.0,14.285714285714286,1
10121,4,87.16666666666667,86.8464896222298,57.0,14.25,0
10121,7,77.625,69.88459044322258,65.0,9.285714285714286,0
10121,3,81.83333333333333,27.91676296323867,81.0,27.0,1
10121,4,78.3076923076923,58.402425466294304,88.5,22.125,1
10121,7,78.25,54.1564485805722,80.0,11.428571428571429,1
10121,10,99.6,95.35451365457985,69.0,6.9,0
10121,7,72.64285714285714,86.71821895691811,74.0,10.571428571428571,0
10121,11,98.28571428571428,84.20413371357598,100.0,9.090909090909092,1
10121,3,78.7741935483871,85.95579415861798,72.0,24.0,0
10121,16,100.0,77.45966692414834,100.0,6.25,1
10121,2,76.5,77.9280638993937,100.0,50.0,1
10121,8,69.55555555555556,16.03503997882472,100.0,12.5,1
10121,2,86.15,91.42434777365332,55.0,27.5,0
10121,12,89.23076923076923,81.34493727570666,61.0,5.083333333333333,0
10121,6,64.0,62.29001638673075,100.0,16.666666666666668,1
10121,8,75.26315789473685,34.20335131568491,100.0,12.5,1
10121,11,82.38461538461539,59.34571705169,51.0,4.636363636363637,0
10121,4,91.6923076923077,93.92364623273164,100.0,25.0,1
10121,8,83.04761904761905,81.57027581309791,75.0,9.375,0
10121,9,98.54545454545456,93.4499774736676,90.0,10.0,1
10121,9,68.08695652173913,78.69900901519927,58.0,6.444444444444445,0
10121,14,76.52380952380952,83.35016067409676,90.0,6.428571428571429,1
10121,12,87.875,91.93100229090004,57.5,4.791666666666667,0
10121,10,78.3157894736842,84.95949131018625,44.5,4.45,0
10121,15,99.66666666666669,90.97816785925636,71.5,4.766666666666667,0
10121,6,90.42105263157896,90.357388613435,56.0,9.333333333333334,0
10121,11,94.7,32.927441399231625,100.0,9.090909090909092,1
10121,7,82.66666666666667,84.03658068160178,38.0,5.428571428571429,0
10121,3,89.57142857142857,85.85071104853563,80.0,26.666666666666668,1
10121,7,88.33333333333333,64.9841093878686,87.0,12.428571428571429,1
10121,4,79.18181818181819,64.2164987592814,53.0,13.25,0
10121,10,95.8,96.02850618046588,58.0,5.8,0
10121,6,91.65,92.93643365276402,100.0,16.666666666666668,1
10121,14,78.69565217391305,81.16062758603512,90.5,6.464285714285714,1
10121,11,89.23076923076923,84.054060346374,100.0,9.090909090909092,1
10121,7,83.625,71.52697513290862,100.0,14.285714285714286,1
10121,3,87.125,79.2019069196365,89.5,29.833333333333332,1
10121,7,80.95454545454545,83.30880453503467,64.0,9.142857142857142,0
10121,11,67.97435897435898,63.6395840320292,100.0,9.090909090909092,1
10121,17,92.58823529411764,89.6505225989809,90.0,5.294117647058823,1
10121,12,60.583333333333336,-6.3158283524025345,75.0,6.25,0
10121,2,100.0,70.71067811865474,66.0,33.0,0
10121,4,70.05,80.19897057763453,58.0,14.5,0
10121,10,74.91666666666667,77.11458826483786,89.5,8.95,1
10121,4,70.17647058823529,46.37177942341888,100.0,25.0,1
10121,7,76.83870967741936,79.07670015027716,63.5,9.071428571428571,0
10121,14,80.3,89.34401361637075,89.5,6.392857142857143,1
10121,10,96.0,92.4958845649304,100.0,10.0,1
10121,7,43.90909090909091,23.746583616406568,51.0,7.285714285714286,0
10121,18,81.06666666666666,81.40322723509367,100.0,5.555555555555555,1
10121,7,70.95238095238095,66.84116125618125,74.0,10.571428571428571,0
10121,10,89.54166666666667,95.77928982952656,79.0,7.9,0
10121,14,79.26315789473685,86.87024593313276,89.0,6.357142857142857,1
10121,11,76.58823529411765,79.72997038947027,100.0,9.090909090909092,1
10121,6,80.86666666666667,65.88964510942287,82.0,13.666666666666666,1
10121,4,91.875,80.95238095238096,65.5,16.375,0
10121,2,85.05,85.15449627552877,100.0,50.0,1
10121,11,78.66666666666667,19.32841355676841,100.0,9.090909090909092,1
10121,4,83.16666666666667,91.69440698939042,74.0,18.5,0
10121,7,100.0,95.6635518445513,100.0,14.285714285714286,1
10121,7,89.71428571428571,76.37626158259735,54.0,7.714285714285714,0
10121,3,92.47826086956522,91.92703102414136,67.0,22.333333333333332,0
10121,18,77.06666666666666,72.51678351383379,61.0,3.388888888888889,0
10121,17,94.93333333333334,92.9669680201368,100.0,5.882352941176471,1
10121,11,68.11538461538461,69.5176351576993,69.0,6.2727272727272725,0
10121,11,77.56,50.67471225286948,100.0,9.090909090909092,1
10121,14,85.73333333333333,86.59150011487358,79.0,5.642857142857143,0
10121,7,89.42857142857143,88.84475894743409,67.0,9.571428571428571,0
10121,14,88.95,93.27818648957226,45.0,3.2142857142857144,0
10121,14,83.13333333333333,86.21839874731724,62.5,4.464285714285714,0
10121,7,61.0,53.7941000923441,100.0,14.285714285714286,1
10121,7,89.18181818181819,86.12588018953393,90.5,12.928571428571429,1
10121,7,73.15,72.617831221154,78.5,11.214285714285714,0
10121,7,56.45454545454545,60.99021858695888,76.0,10.857142857142858,0
10121,7,85.03846153846153,89.45991796931698,89.0,12.714285714285714,1
10121,14,82.14285714285714,76.85394243790462,72.5,5.178571428571429,0
10121,10,75.33333333333333,69.61092324595558,71.5,7.15,0
10121,7,97.5,75.90364705574848,83.5,11.928571428571429,1
10121,7,79.84,84.30595786289228,66.5,9.5,0
10121,11,90.1818181818182,83.1058892258546,100.0,9.090909090909092,1
10121,7,80.33333333333333,82.15091707336168,56.0,8.0,0
10121,14,100.0,95.64701588837808,78.0,5.571428571428571,0
10121,10,81.8125,76.36707180542837,65.0,6.5,0
10121,7,90.45454545454544,71.6891416379096,73.5,10.5,0
10121,7,98.66666666666669,93.67839145523916,50.0,7.142857142857143,0
10121,4,84.25,90.43617648198251,77.0,19.25,0
10121,17,88.22727272727272,89.8150311228505,100.0,5.882352941176471,1
10121,13,95.42857142857144,89.56379948593184,67.5,5.1923076923076925,0
10121,11,87.95,78.78065674731975,76.0,6.909090909090909,0
10121,11,86.24,92.70303316138096,100.0,9.090909090909092,1
10121,12,80.45161290322581,88.36381667974054,100.0,8.333333333333334,1
10121,15,73.63636363636364,48.74727909086796,89.5,5.966666666666667,1
10121,4,89.125,92.32052177903653,100.0,25.0,1
10121,17,59.95238095238095,58.19983337357152,100.0,5.882352941176471,1
10121,18,100.0,100.0,85.0,4.722222222222222,1
10121,1,100.0,97.03951085339756,72.0,72.0,0
10121,6,90.9375,87.30742686105945,64.0,10.666666666666666,0
10121,10,90.8,40.0,47.5,4.75,0
10121,4,93.66666666666669,50.02164033860247,80.0,20.0,1
10121,3,73.93939393939394,79.03875313621232,61.0,20.333333333333332,0
10121,18,93.73333333333332,94.6424995099328,100.0,5.555555555555555,1
10126,0,72.85714285714286,78.44136038824377,51.0,inf,0
10126,7,59.526315789473685,71.58723262211568,100.0,14.285714285714286,1
10126,7,73.51351351351352,87.83177581442968,100.0,14.285714285714286,1
10126,7,87.9375,88.7589503120908,100.0,14.285714285714286,1
10126,7,72.21052631578948,83.83287324051635,90.0,12.857142857142858,1
10126,8,96.0,77.48062179181807,86.0,10.75,1
10126,2,84.125,78.31893756568049,81.0,40.5,1
10126,3,70.70967741935485,73.07773649920685,75.0,25.0,0
10126,7,74.22222222222223,58.82560647712125,78.5,11.214285714285714,0
10126,3,79.5,77.79124251146405,63.0,21.0,0
10126,4,57.972972972972975,79.80544648917667,66.0,16.5,0
10126,7,69.46428571428572,85.5773443642218,87.0,12.428571428571429,1
10126,7,82.11764705882354,82.17122973232404,100.0,14.285714285714286,1
10126,7,85.2,85.7253180216261,89.5,12.785714285714286,1
10126,7,81.58333333333333,58.58488072622917,100.0,14.285714285714286,1
10126,7,68.0,81.05706634515634,65.5,9.357142857142858,0
10126,7,51.208333333333336,41.2065504256277,100.0,14.285714285714286,1
10126,10,67.0,74.03067827454664,84.0,8.4,1
10126,11,31.695652173913047,68.99147010393513,88.5,8.045454545454545,1
10126,7,72.94444444444444,74.94860159450339,100.0,14.285714285714286,1
10126,7,83.63636363636364,85.64942494470257,100.0,14.285714285714286,1
10126,3,99.11111111111111,86.25819491779427,100.0,33.333333333333336,1
10126,7,84.57142857142857,78.5714285714286,54.0,7.714285714285714,0
10126,2,63.333333333333336,-2.510482226267169,67.0,33.5,0
10126,1,89.6,49.99999999999999,64.5,64.5,0
10126,1,80.4,75.380287416328,73.5,73.5,0
10126,3,77.28571428571428,68.3575955359105,65.0,21.666666666666668,0
10126,4,95.0,92.76336570439176,100.0,25.0,1
10126,3,72.8,15.389675281277311,100.0,33.333333333333336,1
10126,1,72.14285714285714,66.88806912362595,66.5,66.5,0
10126,3,92.0,80.44220293000693,69.0,23.0,0
10126,3,50.69230769230769,26.446381343227618,56.5,18.833333333333332,0
10126,4,84.5,64.73388749701496,87.5,21.875,1
10126,1,82.0,82.07826816681234,80.0,80.0,1
10126,2,87.375,86.75328468813838,100.0,50.0,1
10126,4,95.83333333333331,77.14285714285715,80.0,20.0,1
10126,2,94.27272727272728,92.55975201083726,73.0,36.5,0
10126,6,72.83333333333333,52.17939320872035,100.0,16.666666666666668,1
10126,2,82.3125,90.143841987722,54.5,27.25,0
10126,5,74.75,67.05985436996266,100.0,20.0,1
10126,7,73.47368421052632,78.83708235539486,100.0,14.285714285714286,1
10126,6,90.77777777777776,78.33494518006403,90.0,15.0,1
10126,3,85.22222222222223,84.51956828432803,75.0,25.0,0
10126,4,85.6,82.31860349807906,81.0,20.25,1
10126,3,84.11764705882354,88.8209069207812,100.0,33.333333333333336,1
10126,6,68.125,64.84908994018367,100.0,16.666666666666668,1
10126,7,86.83333333333333,86.31632081616797,100.0,14.285714285714286,1
10126,6,73.1,85.13268161612453,65.5,10.916666666666666,0
10126,6,82.46153846153845,86.98361302489117,85.5,14.25,1
10126,5,88.66666666666667,87.83410302571225,100.0,20.0,1
10126,3,100.0,94.8683298050514,100.0,33.333333333333336,1
10126,3,34.5,-35.99401672280666,30.0,10.0,0
10126,5,100.0,97.46794344808964,54.0,10.8,0
10126,1,80.08333333333333,89.31712471313915,69.0,69.0,0
10126,4,85.22222222222223,68.90999615891347,100.0,25.0,1
10126,2,44.76190476190476,-1.8911157818822015,58.0,29.0,0
10126,4,73.4375,74.05864083965638,76.5,19.125,0
10126,3,84.33333333333333,60.667916753483865,87.5,29.166666666666668,1
10126,5,75.0,78.99740860016598,100.0,20.0,1
10126,7,93.54545454545456,93.53455805530032,100.0,14.285714285714286,1
10126,4,65.91304347826087,72.34448661914408,100.0,25.0,1
10126,7,81.3076923076923,59.91960631221905,100.0,14.285714285714286,1
10126,4,70.6086956521739,67.87809656513329,89.5,22.375,1
10126,8,78.6,75.0013942982498,100.0,12.5,1
10126,3,90.92307692307692,84.6101040167594,67.0,22.333333333333332,0
10126,7,90.53846153846152,84.3693919955235,100.0,14.285714285714286,1
10126,7,81.1,52.47813488251172,61.0,8.714285714285714,0
10126,3,88.77777777777777,85.23889672954193,41.5,13.833333333333334,0
10126,4,100.0,89.44271909999158,100.0,25.0,1
10126,3,77.66666666666667,58.34878991410141,75.0,25.0,0
10126,4,86.64285714285714,83.7931816246645,46.5,11.625,0
10126,7,100.0,100.0,100.0,14.285714285714286,1
10126,1,100.0,86.60254037844388,48.0,48.0,0
10126,0,72.625,-9.523809523809526,38.0,inf,0
10126,1,53.05,25.85070198038834,36.5,36.5,0
10126,8,82.0,84.06680016960503,81.5,10.1875,1
10126,1,92.4,82.07826816681234,90.0,90.0,1
10126,1,78.18181818181819,37.24383967960793,100.0,100.0,1
10126,3,64.75,59.74994789646706,64.5,21.5,0
10126,7,84.23529411764706,87.21714155187651,100.0,14.285714285714286,1
10126,7,71.5,46.31607458428525,100.0,14.285714285714286,1
10126,4,77.1,80.60275836876323,75.0,18.75,0
10126,7,73.6,77.0008406725908,100.0,14.285714285714286,1
10126,7,83.07142857142857,77.92570429254113,100.0,14.285714285714286,1
10126,7,91.75,20.0,88.0,12.571428571428571,1
10126,1,69.6923076923077,76.50112564963774,79.0,79.0,0
10126,6,98.5,95.0033737592567,100.0,16.666666666666668,1
10126,7,74.29166666666667,69.13487487576582,100.0,14.285714285714286,1
10126,7,84.53846153846153,79.00479885271679,100.0,14.285714285714286,1
10126,7,82.0,89.29204189383574,90.0,12.857142857142858,1
10126,7,77.375,87.05646454892091,89.0,12.714285714285714,1
10126,7,90.64285714285714,91.3819004776107,100.0,14.285714285714286,1
10126,7,62.0,72.63202605262916,80.0,11.428571428571429,1
10126,3,85.83333333333333,24.688535993934707,88.0,29.333333333333332,1
10126,4,62.55555555555556,71.18492515649125,39.0,9.75,0
10126,7,64.33333333333334,67.98478671674464,100.0,14.285714285714286,1
10126,7,82.52631578947368,82.69694724569504,87.0,12.428571428571429,1
10126,7,93.4,63.245553203367585,100.0,14.285714285714286,1
10126,4,64.0,18.31031319530397,38.0,9.5,0
10126,3,76.18181818181819,62.491408717913934,59.5,19.833333333333332,0
10126,3,93.63636363636364,93.58192003574064,86.0,28.666666666666668,1
10126,4,80.36842105263158,88.04669467830642,100.0,25.0,1
10126,7,80.9090909090909,73.34870966009103,100.0,14.285714285714286,1
10126,3,75.875,78.81972481306848,73.0,24.333333333333332,0
10126,4,52.96428571428572,75.30644118505747,100.0,25.0,1
10126,7,78.63157894736842,85.72933017109654,100.0,14.285714285714286,1
10126,7,76.52,84.0499502935442,90.5,12.928571428571429,1
10126,7,66.3913043478261,66.94712967141635,100.0,14.285714285714286,1
10126,7,82.94117647058823,87.43362550075064,100.0,14.285714285714286,1
10126,7,63.60714285714285,79.64414299268607,100.0,14.285714285714286,1
10126,7,80.05263157894737,90.88578635970826,100.0,14.285714285714286,1
10126,7,74.875,73.93233349352182,100.0,14.285714285714286,1
10126,4,54.36363636363637,65.03748062146848,100.0,25.0,1
10126,6,86.6,83.18392892065836,100.0,16.666666666666668,1
10126,3,90.22222222222224,58.23251360731084,90.0,30.0,1
10126,4,58.526315789473685,27.75523275404925,100.0,25.0,1
10126,7,82.77777777777777,67.78302010921357,100.0,14.285714285714286,1
10126,3,76.5,40.5839724956714,74.0,24.666666666666668,0
10126,1,68.75,71.17986044705745,81.0,81.0,1
10126,7,70.86206896551724,84.5622977761639,90.0,12.857142857142858,1
10126,14,71.0909090909091,47.3594504567854,88.0,6.285714285714286,1
10126,5,61.92857142857143,61.23362871805922,61.0,12.2,0
10126,2,80.7,85.10677611520904,89.5,44.75,1
10126,3,73.13333333333333,70.13523432591562,81.0,27.0,1
10126,4,91.5,86.22392611430679,100.0,25.0,1
10126,7,78.80952380952381,68.52305555292232,100.0,14.285714285714286,1
10126,7,65.22727272727272,66.76661242842253,100.0,14.285714285714286,1
10126,7,60.09090909090909,74.51158964891759,100.0,14.285714285714286,1
10126,7,79.27777777777777,81.78135564321852,100.0,14.285714285714286,1
10126,7,82.5,85.8366358220644,87.0,12.428571428571429,1
10126,7,84.1,81.09906863144086,100.0,14.285714285714286,1
10126,4,88.5,90.82999248603956,100.0,25.0,1
10126,7,87.0,85.59861492525961,100.0,14.285714285714286,1
10126,7,97.33333333333331,88.04062740424288,90.5,12.928571428571429,1
10126,3,72.15,77.91686656698997,64.0,21.333333333333332,0
10126,7,82.1,78.53351924990064,100.0,14.285714285714286,1
10126,4,91.42857142857144,84.20413371357598,100.0,25.0,1
10126,3,92.5,67.47477697966319,74.0,24.666666666666668,0
10126,4,95.0,88.57142857142858,79.0,19.75,0
10126,3,94.6,94.7804480540862,100.0,33.333333333333336,1
10126,4,83.0,67.0670706671425,100.0,25.0,1
10126,3,84.4,89.8567884149129,52.0,17.333333333333332,0
10126,4,86.13333333333333,91.49540609083664,100.0,25.0,1
10126,7,77.44444444444444,82.00908605806086,90.0,12.857142857142858,1
10126,3,87.25,63.433504741654666,88.0,29.333333333333332,1
10126,4,68.9090909090909,76.50500730498474,79.0,19.75,0
10126,5,100.0,94.8683298050514,71.5,14.3,0
10126,1,95.0,80.0,66.0,66.0,0
10126,1,99.625,88.94991799933216,79.0,79.0,0
10126,3,79.9090909090909,87.41624754671595,100.0,33.333333333333336,1
10126,4,87.2,76.1293914285336,100.0,25.0,1
10126,7,75.45,84.05257486021003,100.0,14.285714285714286,1
10126,7,94.8,87.5383982899293,100.0,14.285714285714286,1
10126,3,86.4,88.90413438919634,78.0,26.0,0
10126,4,75.23529411764706,82.04691622289542,100.0,25.0,1
10126,7,65.63636363636363,59.97747324868978,100.0,14.285714285714286,1
10126,3,56.1,75.31577071713616,100.0,33.333333333333336,1
10126,10,100.0,96.9781516876967,90.5,9.05,1
10126,4,72.61538461538461,50.82950505010434,100.0,25.0,1
10126,4,64.0,75.77222862062357,100.0,25.0,1
10126,7,71.77777777777777,72.24814884705518,100.0,14.285714285714286,1
10126,5,75.4375,79.70533969860857,69.0,13.8,0
10126,5,81.33333333333333,73.72420695732474,89.5,17.9,1
10126,4,96.0,92.76336570439176,88.0,22.0,1
10126,3,67.31578947368422,77.53379198284608,100.0,33.333333333333336,1
10126,4,73.4,68.29395253173965,90.0,22.5,1
10126,3,100.0,100.0,86.5,28.833333333333332,1
10126,1,94.66666666666669,50.0,100.0,100.0,1
10126,1,57.38095238095238,57.15412323041416,100.0,100.0,1
10126,5,66.95,70.53522169769661,87.0,17.4,1
10126,7,75.4,66.68859288553502,100.0,14.285714285714286,1
10126,2,75.0,52.72012675161055,79.5,39.75,0
10126,2,86.75,81.44727320475762,80.0,40.0,1
10126,3,68.0,74.39358063415557,100.0,33.333333333333336,1
10126,7,72.57142857142857,49.0990253030983,100.0,14.285714285714286,1
10126,2,84.0,52.17939320872035,51.0,25.5,0
10126,2,100.0,100.0,54.0,27.0,0
10126,0,63.2,52.43999926544296,35.0,inf,0
10126,3,63.041666666666664,73.00027431364585,66.5,22.166666666666668,0
10126,7,84.63636363636364,89.74966337290643,100.0,14.285714285714286,1
10126,4,79.15384615384616,64.37420120204536,100.0,25.0,1
10126,3,100.0,100.0,100.0,33.333333333333336,1
10126,1,100.0,100.0,38.0,38.0,0
10126,0,51.857142857142854,33.27963350880959,38.0,inf,0
10126,5,89.06666666666666,91.82571549035954,100.0,20.0,1
10126,7,82.3076923076923,80.88921975563129,100.0,14.285714285714286,1
10126,5,93.66666666666669,85.33103351879245,78.0,15.6,0
10126,2,63.0,60.68546359114504,48.0,24.0,0
10126,5,93.57142857142856,80.46172777075039,100.0,20.0,1
10126,3,43.18181818181818,-10.045766829498907,55.5,18.5,0
10126,3,66.07692307692308,75.03512515483204,74.5,24.833333333333332,0
10126,3,73.18181818181819,50.5335172300164,81.0,27.0,1
10126,3,100.0,97.46794344808964,100.0,33.333333333333336,1
10126,2,83.5,61.90476190476191,70.0,35.0,0
10126,3,77.55555555555556,73.64081197050363,35.0,11.666666666666666,0
10126,2,82.0,62.56119453163029,100.0,50.0,1
10126,7,100.0,94.8683298050514,100.0,14.285714285714286,1
10126,2,85.08333333333333,88.22618233999671,100.0,50.0,1
10126,5,84.0,82.67515394048878,100.0,20.0,1
10126,3,64.05555555555556,69.63292824174216,84.0,28.0,1
10126,5,83.66666666666667,90.33517474653048,88.5,17.7,1
10126,3,92.1,93.54953314429288,89.0,29.666666666666668,1
10126,4,59.30769230769231,60.30572979619596,100.0,25.0,1
10126,2,100.0,86.60254037844388,70.0,35.0,0
10126,1,81.66666666666667,52.113968325095904,51.0,51.0,0
10126,3,77.2,60.0,53.0,17.666666666666668,0
10126,1,60.14814814814815,76.79115918542952,74.0,74.0,0
10126,7,82.26666666666667,93.88732178812316,100.0,14.285714285714286,1
10126,8,70.8,63.52388207561832,100.0,12.5,1
10126,6,83.875,87.95819141991808,88.0,14.666666666666666,1
10126,2,100.0,97.46794344808964,100.0,50.0,1
10126,1,78.23076923076923,77.82783365405001,65.0,65.0,0
10126,3,81.58333333333333,88.07071758072424,100.0,33.333333333333336,1
10126,3,76.58333333333333,86.11718993346292,88.5,29.5,1
10126,4,100.0,97.10083124552244,100.0,25.0,1
10126,3,78.375,81.65089960650398,100.0,33.333333333333336,1
10126,4,82.41666666666667,78.66267058126037,100.0,25.0,1
10126,2,88.46153846153847,92.47108857787512,100.0,50.0,1
10126,5,64.9,70.9090909090909,100.0,20.0,1
10126,3,95.0,80.0,88.5,29.5,1
10126,2,67.125,7.185757571479553,75.0,37.5,0
10126,1,85.8,49.99999999999999,72.0,72.0,0
10126,2,64.0,68.65409075065237,79.5,39.75,0
10126,3,79.57142857142857,82.65319516843054,88.5,29.5,1
10126,4,84.22222222222223,83.06277919354926,100.0,25.0,1
10126,3,70.44444444444444,79.10920732674882,87.0,29.0,1
10126,5,77.5,84.55397716623442,100.0,20.0,1
10127,0,64.78,60.74380367770472,90.0,inf,1
10127,21,80.0,51.68681075136603,60.0,2.857142857142857,0
10127,21,47.31707317073171,71.48802428120332,58.0,2.761904761904762,0
10127,21,80.325,89.72766929114168,100.0,4.761904761904762,1
10127,21,100.0,98.80235200593538,100.0,4.761904761904762,1
10127,5,77.07142857142857,30.93969872615047,67.0,13.4,0
10127,2,80.58064516129032,64.09471742419515,73.0,36.5,0
10127,14,31.0,16.55017549941934,64.0,4.571428571428571,0
10127,45,75.91891891891892,74.21101709366376,86.0,1.9111111111111112,1
10127,12,84.6875,66.56921273406809,86.0,7.166666666666667,1
10127,10,84.22222222222223,82.00908605806086,89.0,8.9,1
10127,3,78.0,85.4315677795064,73.5,24.5,0
10127,8,79.7,85.28249356043897,87.5,10.9375,1
10127,2,75.4,83.63255631880963,100.0,50.0,1
10127,18,86.84615384615384,79.2271125003786,100.0,5.555555555555555,1
10127,7,84.47368421052632,85.57705770600276,37.5,5.357142857142857,0
10127,11,81.64516129032258,83.10471007411734,100.0,9.090909090909092,1
10127,17,75.89655172413794,88.50737752158521,74.0,4.352941176470588,0
10127,17,54.8421052631579,60.388232931603405,100.0,5.882352941176471,1
10127,14,79.45161290322581,74.9627434082391,88.5,6.321428571428571,1
10127,19,86.11764705882354,87.22790410628288,62.0,3.263157894736842,0
10127,18,76.82758620689656,70.71787206178195,71.5,3.9722222222222223,0
10127,14,88.91666666666667,74.4642650627928,79.0,5.642857142857143,0
10127,7,76.54545454545455,80.33962003105901,35.0,5.0,0
10127,10,77.45,79.80460959660834,77.5,7.75,0
10127,11,78.9375,89.69129847429332,56.0,5.090909090909091,0
10127,16,75.23529411764706,61.908266701849215,100.0,6.25,1
10127,7,77.42307692307692,49.7617017886005,55.5,7.928571428571429,0
10127,14,84.35,82.99259474661352,63.0,4.5,0
10127,28,63.84615384615385,32.78249354004256,67.5,2.4107142857142856,0
10127,3,100.0,92.58200997725515,61.5,20.5,0
10127,2,100.0,100.0,69.0,34.5,0
10127,1,86.08,92.24271162711118,71.0,71.0,0
10127,14,85.11764705882354,52.2329072192398,100.0,7.142857142857143,1
10127,18,80.6,62.080309031097705,54.0,3.0,0
10127,17,75.875,76.44654177202882,77.0,4.529411764705882,0
10127,4,78.60714285714286,80.24578494019954,80.5,20.125,1
10127,17,73.15,74.58555806131797,89.5,5.264705882352941,1
10127,11,70.76315789473685,70.96433605195614,76.5,6.954545454545454,0
10127,14,82.89285714285714,87.40280934006222,74.0,5.285714285714286,0
10127,14,100.0,100.0,100.0,7.142857142857143,1
10127,0,93.75,97.00772721497395,100.0,inf,1
10127,2,89.22222222222223,70.65429205297615,87.5,43.75,1
10127,5,75.79411764705883,75.10213278223405,89.0,17.8,1
10127,17,58.645833333333336,78.58812656566317,88.5,5.205882352941177,1
10127,16,71.17391304347827,85.65226669677875,100.0,6.25,1
10127,8,58.34285714285714,70.16109367408467,100.0,12.5,1
10127,14,75.29411764705883,81.55187921893877,100.0,7.142857142857143,1
10127,21,88.46666666666667,63.082842480473545,76.5,3.642857142857143,0
10127,10,92.68,93.53894487326568,68.0,6.8,0
10127,18,74.91176470588235,53.21698825467677,100.0,5.555555555555555,1
10127,18,94.83333333333331,82.91000343009209,66.5,3.6944444444444446,0
10127,14,67.66666666666666,56.43417635263537,50.0,3.5714285714285716,0
10127,7,77.0,15.389675281277311,75.5,10.785714285714286,0
10127,1,80.38095238095238,72.23575468327381,52.5,52.5,0
10127,13,77.175,85.90535100871188,77.0,5.923076923076923,0
10127,21,77.55555555555556,81.1447075205842,86.0,4.095238095238095,1
10127,10,82.5,76.84257828756417,100.0,10.0,1
10127,7,95.77777777777776,88.14738265265592,100.0,14.285714285714286,1
10127,21,75.85714285714286,77.9031824748965,72.0,3.4285714285714284,0
10127,14,89.5909090909091,93.39819676310312,77.0,5.5,0
10127,14,84.88571428571429,88.42250027000746,100.0,7.142857142857143,1
10127,25,80.5576923076923,88.87466369812685,70.0,2.8,0
10127,29,76.79411764705883,75.39106423773146,77.0,2.6551724137931036,0
10127,16,74.76,82.95751595307108,77.0,4.8125,0
10127,11,56.0,45.06375903649184,100.0,9.090909090909092,1
10127,18,100.0,94.8683298050514,58.5,3.25,0
10127,0,82.0,84.06680016960503,54.0,inf,0
10127,1,54.642857142857146,55.226233831771474,64.0,64.0,0
10127,5,84.9,72.23460919122202,88.0,17.6,1
10127,6,56.5625,20.501564124958556,55.0,9.166666666666666,0
10127,4,62.9375,29.64614668429259,69.0,17.25,0
10127,5,85.85714285714286,51.425188813946455,68.0,13.6,0
10127,10,97.71428571428572,78.1947440012306,100.0,10.0,1
10127,3,70.0909090909091,75.87393720676788,100.0,33.333333333333336,1
10127,12,80.3076923076923,80.09186245843904,100.0,8.333333333333334,1
10127,16,81.32142857142857,58.49720475158854,100.0,6.25,1
10127,14,64.0,73.968756907581,71.0,5.071428571428571,0
10127,5,84.3529411764706,79.44541392706087,100.0,20.0,1
10127,6,76.17142857142858,75.1305848475526,100.0,16.666666666666668,1
10127,22,86.0,56.140696465800325,79.0,3.590909090909091,0
10127,7,86.0,83.97918225669414,69.0,9.857142857142858,0
10128,0,89.89655172413794,87.65324792784526,90.0,inf,1
10128,21,71.95833333333333,77.35996746584536,51.0,2.4285714285714284,0
10128,43,92.54545454545456,63.30388652293683,77.0,1.7906976744186047,0
10128,17,70.94366197183098,80.13025442480186,45.5,2.676470588235294,0
10128,53,86.18181818181819,66.43386965470854,42.0,0.7924528301886793,0
10128,14,83.5,79.97216007912297,55.5,3.9642857142857144,0
10128,21,76.05714285714285,69.16440535191322,90.0,4.285714285714286,1
10128,22,82.0,56.18084012590987,36.5,1.6590909090909092,0
10128,13,79.58823529411765,73.31142404974233,65.5,5.038461538461538,0
10128,7,99.71428571428572,90.78540741646668,87.0,12.428571428571429,1
10128,11,100.0,98.1980506061966,32.0,2.909090909090909,0
10128,5,90.9375,73.83048690311375,31.0,6.2,0
10128,12,85.88235294117646,85.14052398020695,50.0,4.166666666666667,0
10128,21,49.825,73.28491863927032,72.0,3.4285714285714284,0
10128,64,82.5813953488372,65.55228301013388,100.0,1.5625,1
10128,34,93.73333333333332,86.41521926235109,38.0,1.1176470588235294,0
10128,9,91.38888888888889,55.82011182577191,100.0,11.11111111111111,1
10128,12,78.67924528301887,80.06700460796876,59.0,4.916666666666667,0
10128,32,86.15,89.43547648132308,68.0,2.125,0
10128,10,78.92307692307692,61.8444386137222,67.0,6.7,0
10128,7,79.4,57.82856437041176,63.5,9.071428571428571,0
10128,9,87.07317073170732,-36.102151915720654,100.0,11.11111111111111,1
10128,75,94.13333333333334,87.33086403459836,12.0,0.16,0
10128,11,79.81818181818181,33.15539804331099,67.0,6.090909090909091,0
10128,10,8.200000000000003,-51.68902906024488,100.0,10.0,1
10128,5,75.83870967741936,84.11608847172573,84.5,16.9,1
10128,13,87.04545454545455,79.84429575400097,89.0,6.846153846153846,1
10128,10,79.6896551724138,71.09898747304446,100.0,10.0,1
10128,14,86.38095238095238,89.10258111774364,60.5,4.321428571428571,0
10128,11,96.1818181818182,77.06746355884523,100.0,9.090909090909092,1
10128,7,96.1,64.83545606870027,80.0,11.428571428571429,1
10128,7,84.5625,74.14735262429298,53.0,7.571428571428571,0
10128,7,90.63157894736842,71.25984081009933,100.0,14.285714285714286,1
10128,10,70.23076923076923,70.65922150911994,70.0,7.0,0
10128,7,79.54545454545455,75.09923033857929,87.5,12.5,1
10128,7,97.55555555555556,82.581815550156,100.0,14.285714285714286,1
10128,11,89.33333333333333,91.91726112379638,74.0,6.7272727272727275,0
10128,10,83.8,75.00208852564054,89.0,8.9,1
10128,8,92.8148148148148,87.17856295730239,56.5,7.0625,0
10128,14,91.3157894736842,82.70968730241859,68.0,4.857142857142857,0
10128,14,98.55,96.27615838102102,90.5,6.464285714285714,1
10128,14,57.47058823529412,27.09392479906295,100.0,7.142857142857143,1
10128,14,93.5,92.07488243118472,68.0,4.857142857142857,0
10128,7,92.33333333333331,93.59291920897589,100.0,14.285714285714286,1
10128,7,92.84,96.98517997398096,100.0,14.285714285714286,1
10128,14,84.21428571428571,89.48220138221468,100.0,7.142857142857143,1
10128,7,84.04545454545455,91.46666217937909,100.0,14.285714285714286,1
10128,10,86.52941176470588,86.07288016782805,90.0,9.0,1
10128,7,89.5,94.20140820143249,100.0,14.285714285714286,1
10128,14,77.87878787878788,80.19062092396474,71.0,5.071428571428571,0
10128,18,70.2,68.21868829864728,100.0,5.555555555555555,1
10128,5,71.6875,56.7213840875909,71.5,14.3,0
10128,5,80.25,81.56713350671147,63.0,12.6,0
10128,11,86.28571428571429,81.95152106786988,100.0,9.090909090909092,1
10128,7,87.10526315789474,82.09250021555192,68.0,9.714285714285714,0
10128,10,81.6,77.91854489779163,63.0,6.3,0
10128,7,93.4,85.78817707176789,68.0,9.714285714285714,0
10128,11,82.29166666666667,89.7361484960316,75.0,6.818181818181818,0
10128,14,84.875,79.88493797950315,100.0,7.142857142857143,1
10128,8,89.36363636363636,95.24723308771756,75.0,9.375,0
10128,12,92.42105263157896,92.2392025696891,100.0,8.333333333333334,1
10128,11,93.1,86.50957979871868,73.0,6.636363636363637,0
10128,6,88.66666666666667,78.77901713256311,80.0,13.333333333333334,1
10128,7,84.125,75.17184015140984,100.0,14.285714285714286,1
10128,14,90.46428571428572,91.4017749522304,74.5,5.321428571428571,0
10128,13,91.58333333333331,92.96005160692783,100.0,7.6923076923076925,1
10128,5,77.34285714285714,86.1208882381783,100.0,20.0,1
10128,17,86.66666666666667,53.457827075646506,90.0,5.294117647058823,1
10128,8,100.0,0.0,77.0,9.625,0
10128,4,93.375,76.4264235553961,15.0,3.75,0
10128,13,75.5625,82.24832380023588,100.0,7.6923076923076925,1
10129,0,100.0,61.23724356957945,90.0,inf,1
10129,5,66.93103448275862,14.861429731697182,60.0,12.0,0
10129,11,82.71875,55.3024543636231,52.5,4.7727272727272725,0
10129,14,73.55737704918033,71.42224163762054,58.0,4.142857142857143,0
10129,34,87.76,83.23954985918552,70.0,2.0588235294117645,0
10129,21,93.0909090909091,80.41196503380372,32.0,1.5238095238095237,0
10129,17,92.27272727272728,77.1463403658237,66.0,3.8823529411764706,0
10129,4,85.75,49.954821008457,55.5,13.875,0
10129,17,76.72727272727272,67.27847324276046,65.0,3.823529411764706,0
10129,4,92.8181818181818,64.05748248441768,67.5,16.875,0
10129,17,93.67857142857144,91.27609953220738,35.0,2.0588235294117645,0
10129,22,96.0,89.95354838400243,65.0,2.9545454545454546,0
10129,12,98.15384615384616,94.8613958055508,100.0,8.333333333333334,1
10129,8,100.0,86.60254037844388,79.0,9.875,0
10129,5,88.19047619047619,92.7602625425159,32.0,6.4,0
10129,13,90.125,61.82840223353118,73.0,5.615384615384615,0
10129,3,100.0,92.11323729436764,100.0,33.333333333333336,1
10129,7,99.26666666666668,71.04413351968637,31.0,4.428571428571429,0
10129,13,80.2,68.66663203508685,28.0,2.1538461538461537,0
10129,6,93.2,87.2081599272381,70.0,11.666666666666666,0
10129,2,78.41666666666667,84.88487989117075,65.5,32.75,0
10129,18,96.0,89.85449576597003,46.5,2.5833333333333335,0
10129,14,100.0,94.86832980505136,51.0,3.642857142857143,0
10129,3,93.52,89.04910057979626,60.0,20.0,0
10129,19,79.39622641509433,76.77947103832604,69.0,3.6315789473684212,0
10129,32,83.44117647058823,57.09759497021426,72.5,2.265625,0
10129,21,90.52631578947368,92.45235852314003,56.5,2.6904761904761907,0
10129,11,73.68181818181819,79.50329420953395,69.0,6.2727272727272725,0
10129,13,83.25,77.80745562909172,81.0,6.230769230769231,1
10129,7,88.66666666666667,76.82005533271179,78.5,11.214285714285714,0
10129,7,90.12820512820512,77.16945251725375,46.5,6.642857142857143,0
10129,28,83.53125,83.30357101707463,55.0,1.9642857142857142,0
10129,21,70.53846153846155,-18.961690381168548,70.0,3.3333333333333335,0
10129,3,72.84210526315789,49.00324270762114,38.0,12.666666666666666,0
10129,11,90.83333333333331,84.98897940099943,60.0,5.454545454545454,0
10129,11,92.38095238095238,17.267532191189396,89.0,8.090909090909092,1
10129,14,76.77777777777777,55.46414324985718,53.0,3.7857142857142856,0
10129,3,95.66666666666669,88.11736555580973,61.5,20.5,0
10129,7,68.2439024390244,64.47962111804443,89.5,12.785714285714286,1
10129,28,97.325,87.94260860499107,73.0,2.607142857142857,0
10129,33,83.90625,87.89700982926033,74.0,2.242424242424242,0
10129,20,94.38888888888889,88.25829617616482,74.5,3.725,0
10129,13,78.48148148148148,69.19722467841345,40.5,3.1153846153846154,0
10129,15,88.31428571428572,93.72754158860664,60.0,4.0,0
10129,24,90.82,89.28283683506197,73.0,3.0416666666666665,0
10129,39,88.07692307692308,42.75693584237789,100.0,2.5641025641025643,1
10129,42,74.39393939393939,87.49006124773521,61.0,1.4523809523809523,0
10129,14,89.2,68.7711843403411,88.0,6.285714285714286,1
10129,14,97.4,90.7822423810402,59.5,4.25,0
10129,11,93.66,90.42641737247972,54.0,4.909090909090909,0
10129,38,93.58181818181818,92.9913784508272,68.0,1.7894736842105263,0
10129,46,87.09677419354838,83.37338930913002,75.5,1.641304347826087,0
10129,22,89.47727272727272,93.023204244479,77.0,3.5,0
10129,30,86.29787234042553,94.9775300484999,87.5,2.9166666666666665,1
10129,33,100.0,94.8683298050514,85.5,2.590909090909091,1
10129,2,94.0,66.29025865992642,71.0,35.5,0
10129,13,87.31818181818181,76.95490284115671,50.0,3.8461538461538463,0
10129,12,87.78260869565217,91.8301491363261,65.0,5.416666666666667,0
10129,35,95.1818181818182,89.66109552498207,100.0,2.857142857142857,1
10129,6,74.80392156862746,82.41646983151479,66.0,11.0,0
10130,0,92.11111111111111,87.90921625762739,88.5,inf,1
10130,4,71.75714285714285,59.856688820640905,64.0,16.0,0
10130,52,81.41836734693878,76.2517017884215,75.0,1.4423076923076923,0
10130,71,78.46666666666667,54.90358983341983,56.0,0.7887323943661971,0
10130,24,88.77777777777777,85.97690960663361,47.5,1.9791666666666667,0
10130,4,72.34285714285714,30.939012218614103,100.0,25.0,1
10130,42,77.22727272727272,29.65731126224089,72.0,1.7142857142857142,0
10130,28,75.88,64.78719530280445,58.0,2.0714285714285716,0
10130,14,87.65853658536585,70.29222763058146,62.5,4.464285714285714,0
10130,35,85.94871794871796,63.73295620360124,100.0,2.857142857142857,1
10130,30,77.13333333333333,66.22473293269714,100.0,3.3333333333333335,1
10130,29,81.9090909090909,50.559522903854194,61.0,2.103448275862069,0
10130,3,73.63636363636364,44.394638806447375,38.0,12.666666666666666,0
10130,3,72.81967213114754,74.92437681747637,69.5,23.166666666666668,0
10130,38,48.23076923076923,13.001694038629404,69.0,1.8157894736842106,0
10130,4,70.62857142857143,-2.565233790254864,55.5,13.875,0
10130,30,100.0,100.0,37.0,1.2333333333333334,0
10130,1,100.0,100.0,38.0,38.0,0
10130,0,100.0,94.8683298050514,38.0,inf,0
10130,1,94.66666666666669,81.1679449913428,58.0,58.0,0
10131,0,100.0,100.0,61.0,inf,0
10131,1,97.33333333333331,50.0,100.0,100.0,1
10131,1,98.0,50.0,100.0,100.0,1
10131,1,96.66666666666669,50.0,100.0,100.0,1
10131,1,100.0,100.0,100.0,100.0,1
10131,0,92.8,10.0,100.0,inf,1
10131,1,95.33333333333331,50.0,100.0,100.0,1
10131,1,100.0,100.0,100.0,100.0,1
10131,1,95.4,70.0,100.0,100.0,1
10131,1,100.0,100.0,100.0,100.0,1
10131,1,100.0,100.0,100.0,100.0,1
10131,1,100.0,94.8683298050514,100.0,100.0,1
10131,1,66.66666666666666,74.7925568066256,100.0,100.0,1
10131,1,100.0,86.60254037844388,100.0,100.0,1
10131,1,100.0,100.0,100.0,100.0,1
10131,1,67.2,79.05694150420948,100.0,100.0,1
10131,1,100.0,86.60254037844388,100.0,100.0,1
10131,0,100.0,100.0,100.0,inf,1
10131,0,100.0,100.0,100.0,inf,1
10131,0,90.42857142857144,17.295580490582903,100.0,inf,1
10131,4,77.83870967741936,25.632821564039464,100.0,25.0,1
10131,21,16.318181818181813,-24.89396735867489,100.0,4.761904761904762,1
10131,9,63.625,56.46829085612719,100.0,11.11111111111111,1
10131,3,95.5,40.0,66.5,22.166666666666668,0
10131,2,100.0,100.0,100.0,50.0,1
10131,0,100.0,76.37626158259734,100.0,inf,1
10131,6,40.32608695652174,45.46473049422139,100.0,16.666666666666668,1
10131,19,96.0,8.827348295047495,68.5,3.6052631578947367,0
10131,3,47.06,64.2547678584887,100.0,33.333333333333336,1
10131,36,88.52380952380952,79.5283345063397,100.0,2.7777777777777777,1
10131,17,89.53571428571429,89.13108934651483,47.0,2.764705882352941,0
10131,18,95.42105263157896,86.25955324667402,51.0,2.8333333333333335,0
10131,17,96.53333333333332,92.9443783702728,61.0,3.588235294117647,0
10131,12,88.73913043478261,84.12649339028259,72.5,6.041666666666667,0
10131,16,99.75,90.03061415504648,79.5,4.96875,0
10131,18,91.7,80.09085749662975,61.0,3.388888888888889,0
10131,7,96.1304347826087,83.4748333363649,20.0,2.857142857142857,0
10131,22,87.14285714285714,84.85755384701432,58.5,2.659090909090909,0
10131,13,86.65217391304348,73.85970852229224,63.0,4.846153846153846,0
10131,16,54.35294117647059,55.25192861928666,53.0,3.3125,0
10131,22,81.53333333333333,73.78595345871206,100.0,4.545454545454546,1
10131,16,86.97777777777777,88.39273989803218,51.5,3.21875,0
10131,58,90.12903225806453,85.98322574715085,52.0,0.896551724137931,0
10131,42,84.53731343283582,91.5380507665003,74.0,1.7619047619047619,0
10131,46,80.32,27.57194311062537,61.0,1.326086956521739,0
10131,16,98.33333333333331,67.58754932905686,100.0,6.25,1
10131,23,94.5,88.41252078427122,100.0,4.3478260869565215,1
10131,42,98.0,90.76853828487609,54.0,1.2857142857142858,0
10131,35,85.03999999999999,80.40677260890801,52.0,1.4857142857142858,0
10131,18,98.0,93.56636034335286,65.0,3.611111111111111,0
10131,24,92.48148148148148,91.075885085745,61.0,2.5416666666666665,0
10131,35,93.33333333333331,91.21593238215743,66.0,1.8857142857142857,0
10131,22,98.0,-100.0,63.0,2.8636363636363638,0
10131,42,95.76190476190476,64.64927036681651,2.0,0.047619047619047616,0
10131,70,97.54054054054056,92.64590098756612,35.5,0.5071428571428571,0
10131,35,89.23333333333333,45.24854139660133,73.0,2.085714285714286,0
10131,24,95.4,97.26210725681614,14.5,0.6041666666666666,0
10131,38,83.6,57.90230488401501,100.0,2.6315789473684212,1
10131,23,94.90322580645162,54.950181984845706,46.0,2.0,0
10131,27,96.85714285714286,88.80430825918853,66.5,2.462962962962963,0
10131,22,100.0,86.60254037844388,38.0,1.7272727272727273,0
10132,0,95.2,83.68988988520458,37.0,inf,0
10132,21,86.42857142857143,76.37626158259735,34.0,1.619047619047619,0
10132,2,72.22857142857143,80.79711288133507,49.0,24.5,0
10132,18,78.28846153846155,82.65752821459654,47.5,2.638888888888889,0
10132,28,75.53846153846155,90.69560318019144,73.5,2.625,0
10132,10,86.23076923076923,90.10381084824516,56.0,5.6,0
10132,14,86.75,67.83493771101443,88.0,6.285714285714286,1
10132,11,69.61538461538461,76.62700529149672,78.5,7.136363636363637,0
10132,7,72.78260869565217,62.51296000325996,45.0,6.428571428571429,0
10132,14,93.0,83.22388866677822,53.5,3.8214285714285716,0
10132,7,88.73333333333333,87.15356558282656,88.5,12.642857142857142,1
10132,7,76.28571428571428,65.85587549335547,70.0,10.0,0
10132,7,99.66666666666669,94.7545998879403,74.0,10.571428571428571,0
10132,14,93.94736842105264,96.30587602836248,58.0,4.142857142857143,0
10132,12,72.9,77.73071400169535,89.5,7.458333333333333,1
10132,31,96.22222222222224,76.25264197918018,46.0,1.4838709677419355,0
10132,7,74.52380952380952,68.9731660077684,33.0,4.714285714285714,0
10132,9,71.08333333333333,45.23222353537405,100.0,11.11111111111111,1
10132,4,82.77777777777777,51.92664837628366,57.5,14.375,0
10132,2,83.88888888888889,67.90584553311406,56.0,28.0,0
10132,11,98.66666666666669,97.05418934551804,47.0,4.2727272727272725,0
10132,5,67.36363636363637,65.72339468191608,69.0,13.8,0
10132,7,77.22222222222223,71.19666788018509,90.5,12.928571428571429,1
10132,4,87.2,56.11326834856766,40.0,10.0,0
10132,9,82.14285714285714,73.87687194103584,50.0,5.555555555555555,0
10132,1,93.7391304347826,91.62790691042142,65.5,65.5,0
10132,16,74.0,-16.903085094570333,72.0,4.5,0
10132,3,93.57692307692308,82.76011960952727,38.0,12.666666666666666,0
10132,21,79.92,81.6966125889383,100.0,4.761904761904762,1
10132,11,83.83333333333333,88.8476483814982,100.0,9.090909090909092,1
10132,17,100.0,86.60254037844388,100.0,5.882352941176471,1
10132,2,79.64705882352942,66.9587275937976,57.0,28.5,0
10132,5,86.8,72.14563073387271,52.0,10.4,0
10132,7,81.82608695652173,76.27447844219701,100.0,14.285714285714286,1
10132,13,95.625,62.10700940445369,100.0,7.6923076923076925,1
10132,11,91.63157894736842,59.03831421728657,78.0,7.090909090909091,0
10132,14,100.0,70.71067811865474,100.0,7.142857142857143,1
10132,3,71.17857142857143,74.16234451702634,80.0,26.666666666666668,1
10132,11,87.4375,87.80808265383254,100.0,9.090909090909092,1
10132,7,71.16666666666667,69.94824815003722,100.0,14.285714285714286,1
10132,3,72.08333333333333,69.99118154763046,100.0,33.333333333333336,1
10132,4,61.87096774193548,53.55079212397597,100.0,25.0,1
10132,10,97.75,93.89332654934655,68.0,6.8,0
10132,7,89.72727272727272,71.99091823065119,100.0,14.285714285714286,1
10132,4,76.95454545454545,79.28535225875176,100.0,25.0,1
10132,7,70.15,62.71742767996409,100.0,14.285714285714286,1
10132,7,52.166666666666664,40.84608328183192,90.5,12.928571428571429,1
10132,4,100.0,94.11239481143204,68.0,17.0,0
10132,3,53.63157894736842,53.76694534178269,100.0,33.333333333333336,1
10132,7,57.78260869565217,32.399196582767544,90.0,12.857142857142858,1
10132,10,69.26666666666667,74.12739358435688,85.0,8.5,1
10132,4,68.125,74.16892927133112,88.5,22.125,1
10132,7,84.45454545454545,54.67294060851865,83.0,11.857142857142858,1
10132,7,84.33333333333333,91.70212920385968,51.5,7.357142857142857,0
10132,7,75.875,74.02501633739456,100.0,14.285714285714286,1
10132,14,99.6,95.35451365457985,89.5,6.392857142857143,1
10132,7,90.85714285714286,85.97649637664924,58.0,8.285714285714286,0
10132,7,89.11111111111111,71.43109357936153,88.5,12.642857142857142,1
10132,3,83.57142857142857,44.591221194398535,67.0,22.333333333333332,0
10132,4,81.0,83.89241976101357,100.0,25.0,1
10132,21,81.9,75.9389481241052,100.0,4.761904761904762,1
10132,3,87.79166666666667,75.03461901538482,100.0,33.333333333333336,1
10132,14,77.53846153846155,27.4631528931004,74.0,5.285714285714286,0
10132,4,90.0,81.84846242768351,56.0,14.0,0
10132,10,84.9,88.78897431953894,80.0,8.0,1
10132,11,100.0,96.60917830792958,86.0,7.818181818181818,1
10132,7,91.33333333333331,11.59542071304897,100.0,14.285714285714286,1
10132,3,76.14285714285714,71.00369600826834,74.0,24.666666666666668,0
10132,7,83.17647058823529,73.05588688247798,90.0,12.857142857142858,1
10132,7,94.75,85.56058190999849,100.0,14.285714285714286,1
10132,4,88.11764705882354,82.67035638545053,69.0,17.25,0
10132,7,65.94444444444444,63.77962322429652,100.0,14.285714285714286,1
10132,7,94.0,74.06560798180412,100.0,14.285714285714286,1
10132,3,71.33333333333333,87.39631061288414,50.0,16.666666666666668,0
10132,11,84.54166666666667,88.77534537754642,87.5,7.954545454545454,1
10132,14,95.8181818181818,60.69680658676347,90.0,6.428571428571429,1
10132,7,87.0,82.32815203093215,100.0,14.285714285714286,1
10132,14,68.61904761904762,80.29105642945939,100.0,7.142857142857143,1
10132,11,39.81818181818182,38.638747212428925,90.5,8.227272727272727,1
10132,7,85.2,87.806510397951,86.0,12.285714285714286,1
10132,3,72.33333333333333,86.54121599209243,100.0,33.333333333333336,1
10132,7,98.2,88.22988033830592,100.0,14.285714285714286,1
10132,7,93.0,77.62689088525237,76.0,10.857142857142858,0
10132,7,83.0,82.08688938086549,87.5,12.5,1
10132,7,90.03999999999999,88.95673826108556,87.5,12.5,1
10132,14,92.25,76.83496786738012,100.0,7.142857142857143,1
10132,7,78.70967741935485,87.31769055149853,100.0,14.285714285714286,1
10132,14,82.85714285714286,83.14778316161873,100.0,7.142857142857143,1
10132,11,77.33333333333333,72.63335777151207,100.0,9.090909090909092,1
10132,14,79.78571428571428,67.85189269382525,69.0,4.928571428571429,0
10132,7,94.54545454545456,78.97769817426551,60.5,8.642857142857142,0
10132,7,82.0,71.01164288344812,70.0,10.0,0
10132,10,72.08,79.76904676319374,100.0,10.0,1
10132,11,78.06666666666666,67.16836944343198,100.0,9.090909090909092,1
10132,14,85.24,78.21111469310779,69.5,4.964285714285714,0
10132,14,93.1,2.056290302881662,74.5,5.321428571428571,0
10132,7,81.84210526315789,63.75400169151734,69.0,9.857142857142858,0
10132,17,95.0909090909091,98.40048807614622,68.5,4.029411764705882,0
10132,5,70.0,10.844160586017296,81.0,16.2,1
10132,2,83.41176470588235,85.90848937950446,68.0,34.0,0
10132,6,32.90909090909091,35.15295839567463,100.0,16.666666666666668,1
10132,27,66.40625,79.13475131596046,84.0,3.111111111111111,1
10132,16,74.2258064516129,77.05085703584744,88.0,5.5,1
10132,18,77.25581395348837,75.75424976830115,100.0,5.555555555555555,1
10132,20,99.33333333333331,88.04062740424288,89.5,4.475,1
10132,3,73.4090909090909,48.02992118160822,76.0,25.333333333333332,0
10132,6,75.19607843137254,65.32617377758555,71.5,11.916666666666666,0
10133,0,58.794117647058826,59.8317002056994,69.0,inf,0
10133,77,80.22222222222223,46.86233489032049,63.5,0.8246753246753247,0
10133,3,42.973684210526315,78.53139402961814,70.0,23.333333333333332,0
10133,49,90.5,78.82314887134653,100.0,2.0408163265306123,1
10133,6,92.4,82.07826816681234,100.0,16.666666666666668,1
10133,1,61.5,63.2455532033676,100.0,100.0,1
10133,0,100.0,100.0,100.0,inf,1
10133,1,79.85964912280701,52.86316042442423,100.0,100.0,1
10133,42,100.0,94.8683298050514,69.0,1.6428571428571428,0
10133,1,93.4375,95.39191622645612,72.0,72.0,0
10133,24,82.2,86.39576714498209,69.5,2.8958333333333335,0
10133,10,99.84,92.19548225801218,100.0,10.0,1
10133,21,99.83333333333331,89.65394653906047,80.0,3.8095238095238093,1
10133,32,93.07692307692308,88.7737902115824,53.0,1.65625,0
10133,22,68.53333333333333,44.03240654357973,56.0,2.5454545454545454,0
10133,50,100.0,59.160797830996145,45.0,0.9,0
10133,12,29.545454545454547,15.041365312109123,53.0,4.416666666666667,0
10133,56,91.22222222222224,96.00173973058568,80.0,1.4285714285714286,1
10133,39,94.34146341463416,94.40390107487528,100.0,2.5641025641025643,1
10133,35,91.45833333333331,88.81454101165617,71.0,2.0285714285714285,0
10133,35,86.875,91.02400516071366,52.5,1.5,0
10133,22,95.35714285714286,81.97965316255389,100.0,4.545454545454546,1
10133,9,64.0,34.68692871778473,74.0,8.222222222222221,0
10133,9,82.1,54.33030434895332,55.0,6.111111111111111,0
10133,2,94.84210526315788,87.9255923025321,40.0,20.0,0
10133,28,90.375,63.433504741654666,38.0,1.3571428571428572,0
10133,3,76.81553398058253,71.11805973233842,62.5,20.833333333333332,0
10133,74,72.6,43.0757751769265,77.0,1.0405405405405406,0
10133,35,100.0,100.0,47.0,1.3428571428571427,0
10133,28,92.57777777777778,43.9368477237182,72.0,2.5714285714285716,0
10133,46,95.08,85.36200765782633,70.0,1.5217391304347827,0
10133,21,90.30555555555556,45.9115982286939,61.0,2.9047619047619047,0
10133,24,74.21951219512195,69.13774339253963,51.0,2.125,0
10133,46,86.06493506493507,87.84383791551684,52.0,1.1304347826086956,0
10133,48,70.64285714285714,75.84455942058142,62.5,1.3020833333333333,0
10133,29,83.26666666666667,70.04332428667888,86.0,2.9655172413793105,1
10133,15,91.9375,61.20084698771954,70.0,4.666666666666667,0
10133,8,100.0,100.0,100.0,12.5,1
